ID,キャラクター名,属性,タイプ,恒常/限定,実装日,実装経過日数,アイコンリンク,画像リンク,更新日時,腕力,技力,魔力,耐久力,スピード,防御力,物魔防御貫通,タグ
1,モニカ,藍,スナイパー,限定,2022/10/17,1451,https://img.altema.jp/mememori/chara/icon/35.jpg,https://img.altema.jp/mememori/chara/banner/35.jpg,2026/06/02 13:05:23,,,,,,,,
2,シャーロット,紅,ウォーリア,限定,2022/10/17,1451,https://img.altema.jp/mememori/chara/icon/36.jpg,https://img.altema.jp/mememori/chara/banner/36.jpg,2026/05/28 23:32:41,,,,,,,,
3,シズ,翠,ウォーリア,恒常,2022/10/17,1451,https://img.altema.jp/mememori/chara/icon/37.jpg,https://img.altema.jp/mememori/chara/banner/37.jpg,2026/05/28 23:35:05,,,,,,,,
4,ガルム,黄,スナイパー,恒常,2022/10/17,1451,https://img.altema.jp/mememori/chara/icon/38.jpg,https://img.altema.jp/mememori/chara/banner/38.jpg,2026/05/28 23:37:28,,,,,,,,
5,イリア,藍,ウォーリア,恒常,2022/10/17,1451,https://img.altema.jp/mememori/chara/icon/23.jpg,https://img.altema.jp/mememori/chara/banner/23.jpg,2026/05/28 23:27:51,,,,,,,,
6,アイリス,藍,ウォーリア,恒常,2022/10/17,1451,https://img.altema.jp/mememori/chara/icon/24.jpg,https://img.altema.jp/mememori/chara/banner/24.jpg,2026/05/28 23:28:03,,,,,,,,
7,ロキ,藍,スナイパー,恒常,2022/10/17,1451,https://img.altema.jp/mememori/chara/icon/25.jpg,https://img.altema.jp/mememori/chara/banner/25.jpg,2026/05/28 23:31:43,,,,,,,,
8,テオドラ,紅,ソーサラー,恒常,2022/10/17,1451,https://img.altema.jp/mememori/chara/icon/27.jpg,https://img.altema.jp/mememori/chara/banner/27.jpg,2026/05/28 23:28:29,,,,,,,,
9,ペトラ,紅,スナイパー,恒常,2022/10/17,1451,https://img.altema.jp/mememori/chara/icon/28.jpg,https://img.altema.jp/mememori/chara/banner/28.jpg,2026/05/28 23:30:50,,,,,,,,
10,アリアンロッド,紅,ウォーリア,恒常,2022/10/17,1451,https://img.altema.jp/mememori/chara/icon/26.jpg,https://img.altema.jp/mememori/chara/banner/26.jpg,2026/05/28 23:28:13,,,,,,,,
11,リブラ,翠,スナイパー,恒常,2022/10/17,1451,https://img.altema.jp/mememori/chara/icon/31.jpg,https://img.altema.jp/mememori/chara/banner/31.jpg,2026/05/28 23:33:37,,,,,,,,
12,ザラ,翠,ウォーリア,恒常,2022/10/17,1451,https://img.altema.jp/mememori/chara/icon/29.jpg,https://img.altema.jp/mememori/chara/banner/29.jpg,2026/05/28 23:34:09,,,,,,,,
13,ロザリー,翠,スナイパー,限定,2022/10/17,1451,https://img.altema.jp/mememori/chara/icon/30.jpg,https://img.altema.jp/mememori/chara/banner/30.jpg,2026/05/28 23:34:36,,,,,,,,
14,スクルド,黄,ソーサラー,恒常,2022/10/17,1451,https://img.altema.jp/mememori/chara/icon/32.jpg,https://img.altema.jp/mememori/chara/banner/32.jpg,2026/05/28 23:35:45,,,,,,,,
15,チェルナ,黄,ソーサラー,恒常,2022/10/17,1451,https://img.altema.jp/mememori/chara/icon/33.jpg,https://img.altema.jp/mememori/chara/banner/33.jpg,2026/05/28 23:36:22,,,,,,,,
16,ソテイラ,黄,ソーサラー,恒常,2022/10/17,1451,https://img.altema.jp/mememori/chara/icon/34.jpg,https://img.altema.jp/mememori/chara/banner/34.jpg,2026/05/28 23:36:51,,,,,,,,
17,アムレート,藍,ウォーリア,恒常,2022/10/18,1450,https://img.altema.jp/mememori/chara/icon/2.jpg,https://img.altema.jp/mememori/chara/banner/2.jpg,2026/05/24 10:53:19,,,,,,,,
18,アモール,紅,スナイパー,恒常,2022/10/18,1450,https://img.altema.jp/mememori/chara/icon/8.jpg,https://img.altema.jp/mememori/chara/banner/8.jpg,2026/05/24 10:48:58,,,,,,,,
19,モーザ,藍,ソーサラー,恒常,2022/10/18,1450,https://img.altema.jp/mememori/chara/icon/5.jpg,https://img.altema.jp/mememori/chara/banner/5.jpg,2026/05/24 13:40:25,,,,,,,,
20,メルティーユ,翠,ソーサラー,恒常,2022/10/18,1450,https://img.altema.jp/mememori/chara/icon/15.jpg,https://img.altema.jp/mememori/chara/banner/15.jpg,2026/05/24 13:42:50,,,,,,,,
21,ルナリンド,冥,ソーサラー,恒常,2022/10/18,1450,https://img.altema.jp/mememori/chara/icon/22.jpg,https://img.altema.jp/mememori/chara/banner/22.jpg,2026/05/24 15:02:06,,,,,,,,
22,ミミ,黄,ウォーリア,恒常,2022/10/18,1450,https://img.altema.jp/mememori/chara/icon/16.jpg,https://img.altema.jp/mememori/chara/banner/16.jpg,2026/05/24 15:03:16,,,,,,,,
23,マーリン,翠,ソーサラー,恒常,2022/10/18,1450,https://img.altema.jp/mememori/chara/icon/12.jpg,https://img.altema.jp/mememori/chara/banner/12.jpg,2026/05/24 15:04:52,,,,,,,,
24,リーン,紅,ウォーリア,恒常,2022/10/18,1450,https://img.altema.jp/mememori/chara/icon/9.jpg,https://img.altema.jp/mememori/chara/banner/9.jpg,2026/05/24 15:07:01,,,,,,,,
25,フローレンス,藍,ウォーリア,恒常,2022/10/18,1450,https://img.altema.jp/mememori/chara/icon/4.jpg,https://img.altema.jp/mememori/chara/banner/4.jpg,2026/05/24 15:14:36,,,,,,,,
26,フレイシア,紅,ソーサラー,恒常,2022/10/18,1450,https://img.altema.jp/mememori/chara/icon/7.jpg,https://img.altema.jp/mememori/uploads/2025/03/2025y03m24d_1855488025.jpg,2026/05/24 15:17:33,,,,,,,,
27,プリマヴェーラ,黄,スナイパー,恒常,2022/10/18,1450,https://img.altema.jp/mememori/chara/icon/20.jpg,https://img.altema.jp/mememori/chara/banner/20.jpg,2026/06/02 11:50:42,0,0,0,0,0,0,0,
28,フェンリル,藍,ソーサラー,恒常,2022/10/18,1450,https://img.altema.jp/mememori/chara/icon/3.jpg,https://img.altema.jp/mememori/chara/banner/3.jpg,2026/05/24 15:26:25,,,,,,,,
29,ハトホル,黄,スナイパー,恒常,2022/10/18,1450,https://img.altema.jp/mememori/chara/icon/18.jpg,https://img.altema.jp/mememori/chara/banner/18.jpg,2026/05/24 15:27:22,,,,,,,,
30,ニーナ,翠,スナイパー,恒常,2022/10/18,1450,https://img.altema.jp/mememori/chara/icon/14.jpg,https://img.altema.jp/mememori/chara/banner/14.jpg,2026/05/24 15:28:58,,,,,,,,
31,ナターシャ,天,ウォーリア,恒常,2022/10/18,1450,https://img.altema.jp/mememori/chara/icon/21.jpg,https://img.altema.jp/mememori/chara/banner/21.jpg,2026/05/24 15:29:42,,,,,,,,
32,トロポン,黄,ソーサラー,恒常,2022/10/18,1450,https://img.altema.jp/mememori/chara/icon/17.jpg,https://img.altema.jp/mememori/chara/banner/17.jpg,2026/05/24 15:30:30,,,,,,,,
33,ディアン,紅,スナイパー,恒常,2022/10/18,1450,https://img.altema.jp/mememori/chara/icon/10.jpg,https://img.altema.jp/mememori/chara/banner/10.jpg,2026/05/24 15:31:13,,,,,,,,
34,ソルティーナ,藍,ソーサラー,恒常,2022/10/18,1450,https://img.altema.jp/mememori/chara/icon/1.jpg,https://img.altema.jp/mememori/chara/banner/1.jpg,2026/05/24 15:32:20,,,,,,,,
35,サブリナ,紅,ウォーリア,限定,2022/10/18,1450,https://img.altema.jp/mememori/chara/icon/6.jpg,https://img.altema.jp/mememori/chara/banner/6.jpg,2026/05/24 15:32:59,,,,,,,,
36,コルディ,翠,スナイパー,恒常,2022/10/18,1450,https://img.altema.jp/mememori/chara/icon/13.jpg,https://img.altema.jp/mememori/chara/banner/13.jpg,2026/05/24 15:35:47,,,,,,,,
37,オリヴィエ,黄,ウォーリア,恒常,2022/10/18,1450,https://img.altema.jp/mememori/chara/icon/19.jpg,https://img.altema.jp/mememori/chara/banner/19.jpg,2026/05/24 15:36:50,,,,,,,,
38,アイビー,翠,スナイパー,恒常,2022/10/18,1450,https://img.altema.jp/mememori/chara/icon/11.jpg,https://img.altema.jp/mememori/chara/banner/11.jpg,2026/05/24 15:37:30,,,,,,,,
39,フォルティナ,天,ウォーリア,限定,2022/10/21,1447,https://img.altema.jp/mememori/chara/icon/39.jpg,https://img.altema.jp/mememori/uploads/2022/10/2022y10m21d_2041464023.jpg,2026/05/24 15:42:16,,,,,,,,
40,ベル,紅,ソーサラー,限定,2022/11/01,1436,https://img.altema.jp/mememori/chara/icon/40.jpg,https://img.altema.jp/mememori/uploads/2022/11/2022y11m02d_141338356.jpg,2026/05/24 15:44:02,,,,,,,,
41,ヴァルリーデ,冥,ウォーリア,限定,2022/11/15,1422,https://img.altema.jp/mememori/chara/icon/41.jpg,https://img.altema.jp/mememori/uploads/2022/11/2022y11m15d_1121105942.jpg,2026/05/24 15:44:58,,,,,,,,
42,ルーク,翠,ウォーリア,限定,2022/11/30,1407,https://img.altema.jp/mememori/chara/icon/42.jpg,https://img.altema.jp/mememori/uploads/2022/11/2022y11m30d_1824139846.jpg,2026/05/24 15:46:01,,,,,,,,
43,カロル,黄,ソーサラー,限定,2022/12/15,1392,https://img.altema.jp/mememori/chara/icon/43.jpg,https://img.altema.jp/mememori/uploads/2022/12/2022y12m15d_1746145716.jpg,2026/05/24 15:46:59,,,,,,,,
44,ソーニャ,藍,スナイパー,限定,2022/12/28,1379,https://img.altema.jp/mememori/chara/icon/45.jpg,https://img.altema.jp/mememori/uploads/2022/12/2022y12m28d_175032763.jpg,2026/05/24 15:48:02,,,,,,,,
45,ケルベロス,天,ウォーリア,限定,2023/01/17,1359,https://img.altema.jp/mememori/chara/icon/46.jpg,https://img.altema.jp/mememori/uploads/2023/01/2023y01m16d_1649250687.jpg,2026/06/07 15:31:50,701912,582587,603644,484319,3363,10,0,"デバフ無効, [完了]"
46,ソフィア,紅,ウォーリア,限定,2023/01/31,1345,https://img.altema.jp/mememori/chara/icon/47.jpg,https://img.altema.jp/mememori/uploads/2023/01/2023y01m30d_1818263303.jpg,2026/06/07 15:51:06,694893,589606,617683,484319,2935,10,2,[完了]
47,A.A.,冥,ソーサラー,限定,2023/02/15,1330,https://img.altema.jp/mememori/chara/icon/48.jpg,https://img.altema.jp/mememori/uploads/2023/02/2023y02m15d_1639565667.jpg,2026/06/07 15:41:58,631721,554510,594893,512396,2687,10,0,[完了]
48,オフィーリア,冥,ウォーリア,限定,2023/02/28,1317,https://img.altema.jp/mememori/chara/icon/49.jpg,https://img.altema.jp/mememori/uploads/2023/02/2023y02m28d_175018047.jpg,2026/05/24 15:53:17,,,,,,,,
49,ウィーラ,黄,ソーサラー,限定,2023/03/16,1301,https://img.altema.jp/mememori/chara/icon/50.jpg,https://img.altema.jp/mememori/uploads/2023/03/2023y03m16d_1640224183.jpg,2026/06/07 16:08:57,456809,633639,574696,707318,3654,7,0,[完了]
50,レア,翠,スナイパー,限定,2023/03/31,1286,https://img.altema.jp/mememori/chara/icon/51.jpg,https://img.altema.jp/mememori/uploads/2023/03/2023y03m31d_1553218304.jpg,2026/06/07 16:01:11,615083,732242,629728,395410,3571,6,0,[完了]
51,シフォン,紅,ソーサラー,限定,2023/04/14,1272,https://img.altema.jp/mememori/chara/icon/52.jpg,https://img.altema.jp/mememori/uploads/2023/04/2023y04m14d_1749033931.jpg,2026/05/24 15:56:32,,,,,,,,
52,ルサールカ,天,ソーサラー,限定,2023/04/28,1258,https://img.altema.jp/mememori/chara/icon/53.jpg,https://img.altema.jp/mememori/uploads/2023/04/2023y04m28d_1248211209.jpg,2026/05/24 15:57:22,,,,,,,,
53,シヴィ,藍,ウォーリア,限定,2023/05/15,1241,https://img.altema.jp/mememori/chara/icon/54.jpg,https://img.altema.jp/mememori/uploads/2023/05/2023y05m15d_1239195919.jpg,2026/06/07 15:23:35,636346,553344,539510,643262,2855,12,0,[完了]
54,アーティ,紅,ソーサラー,限定,2023/05/31,1225,https://img.altema.jp/mememori/chara/icon/55.jpg,https://img.altema.jp/mememori/uploads/2023/05/2023y05m31d_175923631.jpg,2026/06/21 15:25:39,615595,546427,712430,511843,2734,10,0,[完了]
55,リシェス,黄,ウォーリア,限定,2023/06/16,1209,https://img.altema.jp/mememori/chara/icon/56.jpg,https://img.altema.jp/mememori/uploads/2023/06/2023y06m14d_1713465299.jpg,2026/05/24 16:00:12,,,,,,,,
56,サブリナ(水着),翠,ウォーリア,限定,2023/06/30,1195,https://img.altema.jp/mememori/chara/icon/57.jpg,https://img.altema.jp/mememori/uploads/2023/06/2023y06m30d_1647139292.jpg,2026/07/15 10:14:25,641392,558632,641392,531045,3418,9,0,[完了]
57,モーザ(水着),黄,ソーサラー,限定,2023/07/13,1182,https://img.altema.jp/mememori/chara/icon/58.jpg,https://img.altema.jp/mememori/uploads/2023/07/2023y07m13d_1758080027.jpg,2026/07/15 10:04:21,605583,534338,740949,491591,3245,10,0,[完了]
58,フィアー,翠,ウォーリア,限定,2023/07/31,1164,https://img.altema.jp/mememori/chara/icon/59.jpg,https://img.altema.jp/mememori/uploads/2023/07/2023y07m31d_185027159.jpg,2026/06/12 12:04:39,615336,546965,540128,670033,2645,11,0,[完了]
59,コルティ(浴衣),紅,スナイパー,限定,2023/08/14,1150,https://img.altema.jp/mememori/chara/icon/60.jpg,https://img.altema.jp/mememori/uploads/2023/08/2023y08m14d_1658291487.jpg,2026/07/15 9:54:06,611309,720472,611309,429372,3575,10,0,[完了]
60,アームストロング,冥,スナイパー,限定,2023/08/31,1133,https://img.altema.jp/mememori/chara/icon/61.jpg,https://img.altema.jp/mememori/uploads/2023/08/2023y08m31d_1702171274.jpg,2026/06/21 16:05:28,640635,732155,549116,450557,3047,9,0,[完了]
61,ステラ,藍,ウォーリア,限定,2023/09/15,1118,https://img.altema.jp/mememori/chara/icon/62.jpg,https://img.altema.jp/mememori/uploads/2023/09/2023y09m15d_1640368577.jpg,2026/05/24 16:08:33,,,,,,,,
62,プリシラ,紅,ソーサラー,限定,2023/09/29,1104,https://img.altema.jp/mememori/chara/icon/63.jpg,https://img.altema.jp/mememori/uploads/2023/09/2023y09m29d_1740556665.jpg,2026/05/24 16:09:30,,,,,,,,
63,エルフリンデ,天,ウォーリア,限定,2023/10/18,1085,https://img.altema.jp/mememori/chara/icon/64.jpg,https://img.altema.jp/mememori/uploads/2023/10/2023y10m18d_1751019651.jpg,2026/06/21 15:52:53,732155,598396,598396,443517,3049,10,0,[完了]
64,イリア(冥),冥,ウォーリア,限定,2023/10/31,1072,https://img.altema.jp/mememori/chara/icon/65.jpg,https://img.altema.jp/mememori/uploads/2023/10/2023y10m31d_1743211005.jpg,2026/05/24 17:09:48,,,,,,,,
65,フェーネ,藍,スナイパー,限定,2023/11/15,1057,https://img.altema.jp/mememori/chara/icon/66.jpg,https://img.altema.jp/mememori/uploads/2023/11/2023y11m15d_1754429255.jpg,2026/06/21 16:16:20,587928,726264,587928,470342,2853,8,0,[完了]
66,アモール(聖夜),黄,スナイパー,限定,2023/11/30,1042,https://img.altema.jp/mememori/chara/icon/67.jpg,https://img.altema.jp/mememori/uploads/2023/11/2023y11m30d_1655580346.jpg,2026/05/24 16:14:36,,,,,,,,
67,トロポン(聖夜),藍,ソーサラー,限定,2023/12/13,1029,https://img.altema.jp/mememori/chara/icon/68.jpg,https://img.altema.jp/mememori/uploads/2023/12/2023y12m13d_17484999.jpg,2026/05/24 16:15:36,,,,,,,,
68,アイリス(黒鎧),黄,ウォーリア,限定,2023/12/26,1016,https://img.altema.jp/mememori/chara/icon/69.jpg,https://img.altema.jp/mememori/uploads/2023/12/2023y12m26d_1707196782.jpg,2026/05/24 16:18:06,,,,,,,,
69,ギルウィアル,藍,ソーサラー,限定,2024/01/15,996,https://img.altema.jp/mememori/chara/icon/70.jpg,https://img.altema.jp/mememori/uploads/2024/01/2024y01m15d_1700427605.jpg,2026/05/24 16:18:49,,,,,,,,
70,クラウディア,翠,ウォーリア,限定,2024/01/31,980,https://img.altema.jp/mememori/chara/icon/71.jpg,https://img.altema.jp/mememori/uploads/2024/01/2024y01m31d_1648268398.jpg,2026/06/21 16:27:29,732155,598396,598396,443517,3056,7,1,[完了]
71,リズ,藍,ソーサラー,限定,2024/02/15,965,https://img.altema.jp/mememori/chara/icon/72.jpg,https://img.altema.jp/mememori/uploads/2024/02/2024y02m15d_1648421045.jpg,2026/05/24 16:20:15,,,,,,,,
72,マチルダ,紅,ソーサラー,限定,2024/02/22,958,https://img.altema.jp/mememori/chara/icon/73.jpg,https://img.altema.jp/mememori/uploads/2024/02/2024y02m22d_1646273118.jpg,2026/07/03 9:50:59,596667,596667,703215,475913,3181,10,0,[完了]
73,ユニ,翠,ソーサラー,限定,2024/02/29,951,https://img.altema.jp/mememori/chara/icon/74.jpg,https://img.altema.jp/mememori/uploads/2024/02/2024y02m29d_1649284222.jpg,2026/05/24 16:22:08,,,,,,,,
74,パラデア,冥,スナイパー,限定,2024/03/14,937,https://img.altema.jp/mememori/chara/icon/75.jpg,https://img.altema.jp/mememori/uploads/2024/03/2024y03m14d_1744037952.jpg,2026/06/12 11:54:38,633595,725115,563196,450557,3065,7,0,[完了]
75,エイル,藍,スナイパー,限定,2024/03/29,922,https://img.altema.jp/mememori/chara/icon/76.jpg,https://img.altema.jp/mememori/uploads/2024/03/2024y03m29d_1652371776.jpg,2026/06/12 11:37:19,624332,714514,548025,485592,2892,7,0,[完了]
76,モルガナ,紅,ソーサラー,限定,2024/04/15,905,https://img.altema.jp/mememori/chara/icon/77.jpg,https://img.altema.jp/mememori/uploads/2024/04/2024y04m15d_1653594348.jpg,2026/06/22 13:09:29,630828,541689,706253,493691,2715,10,0,[完了]
77,ロザリー(天),天,ソーサラー,限定,2024/04/26,894,https://img.altema.jp/mememori/chara/icon/78.jpg,https://img.altema.jp/mememori/uploads/2024/04/2024y04m26d_1645505587.jpg,2026/05/24 17:09:22,,,,,,,,
78,アサヒ,黄,スナイパー,限定,2024/05/15,875,https://img.altema.jp/mememori/chara/icon/79.jpg,https://img.altema.jp/mememori/uploads/2024/05/2024y05m15d_174246369.jpg,2026/06/21 15:39:31,644460,722362,545312,460328,3044,10,0,[完了]
79,アレクサンドラ,翠,ウォーリア,限定,2024/05/31,859,https://img.altema.jp/mememori/chara/icon/80.jpg,https://img.altema.jp/mememori/uploads/2024/05/2024y05m31d_1704112333.jpg,2026/06/12 11:26:40,729444,601968,601968,439082,3051,10,1,[完了]
80,ミナシュマリ,藍,ウォーリア,限定,2024/06/14,845,https://img.altema.jp/mememori/chara/icon/81.jpg,https://img.altema.jp/mememori/uploads/2024/06/2024y06m14d_1639110178.jpg,2026/06/12 11:14:50,724153,586219,586219,475872,2792,7,1,[完了]
81,カグヤ,冥,ソーサラー,限定,2024/06/28,831,https://img.altema.jp/mememori/chara/icon/82.jpg,https://img.altema.jp/mememori/uploads/2024/06/2024y06m28d_1639365828.jpg,2026/06/12 10:58:45,589647,548025,679828,554962,2872,7,0,[完了]
82,ニーナ(夏),藍,スナイパー,限定,2024/07/16,813,https://img.altema.jp/mememori/chara/icon/83.jpg,https://img.altema.jp/mememori/uploads/2024/07/2024y07m16d_1726587082.jpg,2026/07/05 13:09:14,586219,668979,586219,531045,2793,10,0,[完了]
83,アムレート(夏),黄,ウォーリア,限定,2024/07/31,798,https://img.altema.jp/mememori/chara/icon/84.jpg,https://img.altema.jp/mememori/uploads/2024/07/2024y07m31d_1702305504.jpg,2026/07/15 10:29:36,738731,596667,596667,440397,3089,7,1,[完了]
84,ミラ,翠,ソーサラー,限定,2024/08/16,782,https://img.altema.jp/mememori/chara/icon/85.jpg,https://img.altema.jp/mememori/uploads/2024/08/2024y08m16d_1649492315.jpg,2026/06/12 10:28:32,562836,562836,726700,520089,3158,7,0,[完了]
85,アイネ,天,スナイパー,限定,2024/08/30,768,https://img.altema.jp/mememori/chara/icon/86.jpg,https://img.altema.jp/mememori/uploads/2024/08/2024y08m30d_171001171.jpg,2026/05/24 17:02:47,,,,,,,,
86,セルリア,藍,スナイパー,限定,2024/09/12,755,https://img.altema.jp/mememori/chara/icon/87.jpg,https://img.altema.jp/mememori/uploads/2024/09/2024y09m12d_1751149215.jpg,2026/07/15 9:44:49,608499,711055,546965,505943,2632,7,0,[完了]
87,タマ,黄,スナイパー,限定,2024/09/30,737,https://img.altema.jp/mememori/chara/icon/88.jpg,https://img.altema.jp/mememori/uploads/2024/09/2024y09m30d_164243847.jpg,2026/07/01 10:25:54,603900,690171,603900,474492,3286,10,0,[完了]
88,メリア,天,ウォーリア,限定,2024/10/18,719,https://img.altema.jp/mememori/chara/icon/89.jpg,https://img.altema.jp/mememori/uploads/2024/10/2024y10m18d_1745138663.jpg,2026/06/09 9:54:03,731628,596667,596667,447500,3094,7,1,[完了]
89,ナターシャ(冥),冥,スナイパー,限定,2024/10/31,706,https://img.altema.jp/mememori/chara/icon/90.jpg,https://img.altema.jp/mememori/uploads/2024/10/2024y10m31d_1759345399.jpg,2026/08/05 13:22:45,620385,709012,531759,511306,2601,5,0,[完了]
90,ユリーカ,藍,ソーサラー,限定,2024/11/15,691,https://img.altema.jp/mememori/chara/icon/91.jpg,https://img.altema.jp/mememori/uploads/2024/11/2024y11m15d_1655220169.jpg,2026/08/05 13:11:56,568836,548025,714514,541088,2895,7,0,[完了]
91,ソルティーナ(聖夜),紅,ウォーリア,限定,2024/11/29,677,https://img.altema.jp/mememori/chara/icon/92.jpg,https://img.altema.jp/mememori/uploads/2024/11/2024y11m29d_1654201095.jpg,2026/05/24 16:53:52,,,,,,,,
92,ルナリンド(聖夜),翠,スナイパー,限定,2024/12/13,663,https://img.altema.jp/mememori/chara/icon/93.jpg,https://img.altema.jp/mememori/uploads/2024/12/2024y12m13d_1701338744.jpg,2026/05/24 16:56:42,,,,,,,,
93,アイリーン,天,スナイパー,限定,2024/12/25,651,https://img.altema.jp/mememori/chara/icon/94.jpg,https://img.altema.jp/mememori/uploads/2024/12/2024y12m25d_1716584323.jpg,2026/06/12 10:15:40,598459,683953,591334,498716,3148,10,0,[完了]
94,アルトリア,紅,ウォーリア,限定,2025/01/15,630,https://img.altema.jp/mememori/chara/icon/95.jpg,https://img.altema.jp/mememori/uploads/2025/01/2025y01m15d_1705400368.jpg,2026/07/01 10:40:01,746886,615083,607760,402733,3572,10,1,[完了]
95,ティリ―,翠,ソーサラー,限定,2025/01/31,614,https://img.altema.jp/mememori/chara/icon/96.jpg,https://img.altema.jp/mememori/uploads/2025/01/2025y01m31d_1722518811.jpg,2026/06/11 17:37:45,559476,552394,644460,616132,3074,10,0,[完了]
96,シズ(紅),紅,ウォーリア,限定,2025/02/14,600,https://img.altema.jp/mememori/chara/icon/97.jpg,https://img.altema.jp/mememori/uploads/2025/02/2025y02m14d_1700190642.jpg,2026/05/24 16:53:15,,,,,,,,
97,ルスティカ,黄,ウォーリア,限定,2025/02/28,586,https://img.altema.jp/mememori/chara/icon/98.jpg,https://img.altema.jp/mememori/uploads/2025/02/2025y02m28d_1637085735.jpg,2026/06/09 9:53:23,657429,564532,557386,593116,3187,11,0,[完了]
98,ポーラ,翠,スナイパー,限定,2025/03/17,569,https://img.altema.jp/mememori/chara/icon/99.jpg,https://img.altema.jp/mememori/uploads/2025/03/2025y03m17d_1745509345.jpg,2026/06/11 17:29:45,628005,718717,551249,474492,2956,7,0,[完了]
99,ポプリ,黄,スナイパー,限定,2025/03/31,555,https://img.altema.jp/mememori/chara/icon/100.jpg,https://img.altema.jp/mememori/uploads/2025/03/2025y03m31d_1657373938.jpg,2026/06/09 9:53:00,586055,720212,586055,473080,3036,0,0,[完了]
100,D.D.,翠,ソーサラー,限定,2025/04/15,540,https://img.altema.jp/mememori/chara/icon/101.jpg,https://img.altema.jp/mememori/uploads/2025/04/2025y04m15d_1651588467.jpg,2026/06/11 17:21:35,587804,552394,686952,545312,3075,7,0,[完了]
101,A.A.(天),天,ソーサラー,限定,2025/04/30,525,https://img.altema.jp/mememori/chara/icon/102.jpg,https://img.altema.jp/mememori/uploads/2025/04/2025y04m30d_170101622.jpg,2026/06/09 9:52:37,606750,538576,702194,524941,2607,7,0,[完了]
102,ルシール,紅,ウォーリア,限定,2025/05/14,511,https://img.altema.jp/mememori/chara/icon/103.jpg,https://img.altema.jp/mememori/uploads/2025/05/2025y05m14d_1657502317.jpg,2026/06/21 16:37:11,700789,605890,613190,452593,3525,10,0,[完了]
103,モワノー,黄,スナイパー,限定,2025/05/30,495,https://img.altema.jp/mememori/chara/icon/104.jpg,https://img.altema.jp/mememori/uploads/2025/05/2025y05m30d_1709302129.jpg,2026/07/25 9:15:16,520089,691078,641206,520089,3145,7,0,[完了]
104,フラック,紅,スナイパー,限定,2025/06/16,478,https://img.altema.jp/mememori/chara/icon/105.jpg,https://img.altema.jp/mememori/uploads/2025/06/2025y06m16d_173147614.jpg,2026/06/22 13:19:19,516984,686952,637378,531148,3048,6,0,[完了]
105,ルミカ,天,ウォーリア,限定,2025/06/30,464,https://img.altema.jp/mememori/chara/icon/106.jpg,https://img.altema.jp/mememori/uploads/2025/06/2025y06m30d_1717329691.jpg,2026/06/02 11:09:27,,,,,,,,
106,ネブラ,冥,ソーサラー,限定,2025/07/15,449,https://img.altema.jp/mememori/chara/icon/107.jpg,https://img.altema.jp/mememori/uploads/2025/07/2025y07m15d_1711315997.jpg,2026/07/21 13:03:32,581011,581011,677846,532594,2834,10,0,[完了]
107,コルディ(団長),藍,ウォーリア,限定,2025/07/31,433,https://img.altema.jp/mememori/chara/icon/108.jpg,https://img.altema.jp/mememori/uploads/2025/07/2025y07m31d_1638415274.jpg,2026/07/01 9:56:14,715829,579481,572663,504489,2662,10,1,[完了]
108,ユルディズ,翠,ウォーリア,限定,2025/08/14,419,https://img.altema.jp/mememori/chara/icon/109.jpg,https://img.altema.jp/mememori/uploads/2025/08/2025y08m14d_1649123021.jpg,2026/07/13 9:45:45,683953,591334,598459,498716,3146,10,0,[完了]
109,カーミラ,冥,ウォーリア,限定,2025/08/28,405,https://img.altema.jp/mememori/chara/icon/110.jpg,https://img.altema.jp/mememori/uploads/2025/08/2025y08m28d_1700032313.jpg,2026/06/11 17:12:55,661290,504489,613568,593116,2672,7,0,[完了]
110,ミフリ,黄,ソーサラー,限定,2025/09/16,386,https://img.altema.jp/mememori/chara/icon/111.jpg,https://img.altema.jp/mememori/uploads/2025/09/2025y09m16d_1649521648.jpg,2026/06/05 11:49:51,591334,598459,691078,491591,3136,10,0,[完了]
111,リーベ,紅,ウォーリア,限定,2025/09/30,372,https://img.altema.jp/mememori/chara/icon/112.jpg,https://img.altema.jp/mememori/uploads/2025/09/2025y09m30d_1706371123.jpg,2026/06/09 10:52:07,705128,528846,661058,477430,3592,7,0,[完了]
112,フェンリル(黄),黄,ウォーリア,限定,2025/10/16,356,https://img.altema.jp/mememori/chara/icon/113.jpg,https://img.altema.jp/mememori/uploads/2025/10/2025y10m16d_1658597992.jpg,2026/06/05 11:36:42,654225,567953,560764,589521,3294,11,0,[完了]
113,ケルベロス(冥),冥,ソーサラー,限定,2025/10/30,342,https://img.altema.jp/mememori/chara/icon/114.jpg,https://img.altema.jp/mememori/uploads/2025/10/2025y10m30d_1651407172.jpg,2026/06/09 10:38:58,598214,550629,706980,516639,2563,7,0,[完了]
114,アイシェ,紅,スナイパー,限定,2025/11/13,328,https://img.altema.jp/mememori/chara/icon/115.jpg,https://img.altema.jp/mememori/uploads/2025/11/2025y11m13d_1704383213.jpg,2026/06/09 10:15:26,645716,740034,565908,420804,3424,7,0,[完了]
115,マーリン(藍),藍,ソーサラー,限定,2025/11/27,314,https://img.altema.jp/mememori/chara/icon/116.jpg,https://img.altema.jp/mememori/uploads/2025/11/2025y11m27d_1747571247.jpg,2026/07/01 10:06:03,610258,548546,706253,507405,2688,10,0,[完了]
116,ステラ(翠),翠,ソーサラー,限定,2025/12/11,300,https://img.altema.jp/mememori/chara/icon/117.jpg,https://img.altema.jp/mememori/uploads/2025/12/2025y12m11d_1716148346.jpg,2026/05/25 15:29:29,,,,,,,,
117,リヴェリア,天,スナイパー,限定,2025/12/25,286,https://img.altema.jp/mememori/chara/icon/118.jpg,https://img.altema.jp/mememori/uploads/2025/12/2025y12m25d_1649118481.jpg,2026/06/09 9:50:42,661058,756544,572917,381944,3597,7,1,[完了]
118,エヴリン,藍,ソーサラー,限定,2026/01/15,265,https://img.altema.jp/mememori/chara/icon/119.jpg,https://img.altema.jp/mememori/uploads/2026/01/2026y01m15d_1658546619.jpg,2026/06/09 9:43:19,581011,587928,684763,518760,2819,10,0,[完了]
119,メルラン,黄,ソーサラー,限定,2026/01/29,251,https://img.altema.jp/mememori/chara/icon/120.jpg,https://img.altema.jp/mememori/uploads/2026/01/2026y01m29d_1636265901.jpg,2026/06/09 9:43:04,621359,557811,720212,473080,3018,10,0,[完了]
120,コベル,翠,スナイパー,限定,2026/02/12,237,https://img.altema.jp/mememori/chara/icon/121.jpg,https://img.altema.jp/mememori/uploads/2026/02/2026y02m12d_1810158908.jpg,2026/06/09 9:42:49,521656,693159,635991,521656,3179,7,0,[完了]
121,レジーナ,冥,スナイパー,限定,2026/02/26,223,https://img.altema.jp/mememori/chara/icon/122.jpg,https://img.altema.jp/mememori/uploads/2026/02/2026y02m26d_1647532714.jpg,2026/06/09 9:42:37,581011,684763,581011,525677,2856,13,0,[完了]
122,リリコット,紅,スナイパー,限定,2026/03/16,205,https://img.altema.jp/mememori/chara/icon/123.jpg,https://img.altema.jp/mememori/uploads/2026/03/2026y03m16d_1824570179.jpg,2026/09/29 11:37:21,516984,686952,644460,524066,3064,6,0,[完了]
123,トリクシー,黄,ソーサラー,限定,2026/03/31,190,https://img.altema.jp/mememori/chara/icon/124.jpg,https://img.altema.jp/mememori/uploads/2026/03/2026y03m31d_1705162266.jpg,2026/06/09 9:42:13,593116,564532,693159,521656,3178,7,0,[完了]
124,フィアー(藍),藍,ウォーリア,限定,2026/04/15,175,https://img.altema.jp/mememori/chara/icon/125.jpg,https://img.altema.jp/mememori/uploads/2026/04/2026y04m15d_1721381035.jpg,2026/09/28 16:23:45,668979,510355,620702,572425,2785,7,0,"遮断、バリア剥がし、デバフ解除、クリティカル率低下デバフ, [完了]"
125,リリー,天,ソーサラー,限定,2026/04/30,160,https://img.altema.jp/mememori/chara/icon/126.jpg,https://img.altema.jp/mememori/uploads/2026/04/2026y04m30d_1710372274.jpg,2026/06/09 9:38:53,559476,559476,729444,524066,3058,7,0,"気絶、回復阻害, [完了]"
126,イディーネ,翠,ソーサラー,限定,2026/05/14,146,https://img.altema.jp/mememori/chara/icon/127.jpg,https://img.altema.jp/mememori/uploads/2026/05/2026y05m14d_1650597359.jpg,2026/06/09 9:34:29,594907,602075,695253,480226,3261,10,0,"再生, [完了]"
127,カトレア,黄,ウォーリア,限定,2026/05/28,132,https://img.altema.jp/mememori/chara/icon/128.jpg,https://img.altema.jp/mememori/uploads/2026/05/2026y05m28d_1653321797.jpg,2026/06/09 9:34:14,718717,593116,586138,474492,2984,7,1,"シールド, [完了]"
128,グィネヴィア,紅,スナイパー,限定,2026/06/15,114,https://img.altema.jp/mememori/chara/icon/129.jpg,https://img.altema.jp/mememori/uploads/2026/06/2026y06m15d_1800545185.jpg,2026/06/15 19:08:57,589564,689009,596667,497223,3091,10,0,[完了]
129,エレイン,冥,スナイパー,限定,2026/06/30,99,https://img.altema.jp/mememori/chara/icon/130.jpg,https://img.altema.jp/mememori/uploads/2026/06/2026y06m30d_1645450436.jpg,2026/07/01 10:54:43,546427,629429,553344,643262,2843,10,0,[完了]
130,プリマヴェーラ（夏）,藍,スナイパー,限定,2026/07/15,84,https://img.altema.jp/mememori/chara/icon/131.jpg,https://img.altema.jp/mememori/uploads/2026/07/2026y07m15d_1639326638.jpg,2026/07/25 9:11:45,617114,699396,541689,514262,2678,8,0,[完了]
131,シロ,黄,スナイパー,限定,2026/07/28,71,https://img.altema.jp/mememori/chara/icon/132.jpg,https://img.altema.jp/mememori/uploads/2026/07/2026y07m28d_1652320013.jpg,2026/07/28 20:21:02,602075,688086,594907,487394,3229,10,0,[完了]
132,フローレンス（黄昏）,翠,ウォーリア,限定,2026/08/13,55,https://img.altema.jp/mememori/chara/icon/133.jpg,https://img.altema.jp/mememori/uploads/2026/08/2026y08m13d_1648493776.jpg,2026/08/31 16:33:01,722362,587804,594886,467410,3077,7,1,[完了]
133,フォルティナ（黄昏）,天,スナイパー,限定,2026/08/31,37,https://img.altema.jp/mememori/chara/icon/134.jpg,https://img.altema.jp/mememori/uploads/2026/08/2026y08m31d_1649043946.jpg,2026/09/01 14:26:32,544839,620702,537942,551735,3423,10,0,[完了]
134,クーシー,藍,ウォーリア,限定,2026/09/15,22,https://img.altema.jp/mememori/chara/icon/135.jpg,https://img.altema.jp/mememori/uploads/2026/09/2026y09m15d_1656329275.jpg,2026/09/29 11:21:32,,,,,,,,
135,アルトリア（黄金）,翠,ウォーリア,限定,2026/09/30,7,https://img.altema.jp/mememori/chara/icon/136.jpg,https://img.altema.jp/mememori/uploads/2026/09/2026y09m30d_1708091633.jpg,2026/09/30 18:20:27,,,,,,,,