キャラクターID,スキル種別,スキル名,通常武器スキル内容,アスタロトスキル内容,ミカエルスキル内容,メタトロンスキル内容,更新日時,CT
127,A1,バーナリゼーション,攻撃力を20％(2週目以降は40％）増加させて、攻撃力×590％の物理攻撃を4回行う。,攻撃力を20％(2週目は40％、3週目以降は80%）増加させて、攻撃力×590％の物理攻撃を4回行う。,,,2026/06/09 9:34:14,4
127,A2,トリア・メリステム,物理防御力が最も低い敵に6回(2週目は9回、3週目以降は12回）攻撃力×410%の攻撃を行う。,,,物理防御力が最も低い敵に6回(2週目は9回、3週目以降は12回）攻撃力×470%の攻撃を行う。,2026/06/09 9:34:14,4
127,P1,万物の解析者,"8ターン目(自身以外の黄属性の味方が2体以上の場合は4、8、12)のターン終了時、自身と自身以外の攻撃力が最も高い味方の弱体効果を2つ解除する。
",,,,2026/06/09 9:34:14,
127,P2,未知への渇望,"バトル開始時、自身の被ダメージが60%減少する(解除不可)。
ターン開始時、4ターンの間自身にステータス増減前の最大HP×50％のシールド付与する。
ターン開始時、4ターンの間自身の防御力が150%増加する。",,"バトル開始時、自身の被ダメージが60%減少する(解除不可)。
ターン開始時、4ターンの間自身にステータス増減前の最大HP×200％のシールド付与する。
ターン開始時、4ターンの間自身の防御力が150%増加する。",,2026/06/09 9:34:14,
126,A1,ウィリディタスの開放,"4ターンの間自身に『再生』を付与する(解除不可)。毎ターン行動開始時に付帯者のHPを付帯者自身の最大HP×10%回復する。『再生』付与の後、ランダムな敵に4回攻撃力×440%の魔法攻撃を行う。
さらに『再生』付与の前に、自身の最大HPが10%増加する(最大2スタックまで)(解除不可)。
","4ターンの間味方全体に『再生』を付与する(解除不可)。毎ターン行動開始時に付帯者のHPを付帯者自身の最大HP×10%回復する。『再生』付与の後、ランダムな敵に4回攻撃力×440%の魔法攻撃を行う。
さらに『再生』付与の前に、味方全体の最大HPが10%増加する(最大2スタックまで)(解除不可)。","4ターンの間味方全体に『再生』を付与する(解除不可)。毎ターン行動開始時に付帯者のHPを付帯者自身の最大HP×10%回復する。『再生』付与の後、ランダムな敵に4回攻撃力×440%の魔法攻撃を行う。
さらに『再生』付与の前に、味方全体の最大HPが40%増加する(最大2スタックまで)(解除不可)。","4ターンの間味方全体に『再生』を付与する(解除不可)。毎ターン行動開始時に付帯者のHPを付帯者自身の最大HP×10%回復する。『再生』付与の後、ランダムな敵に4回攻撃力×480%の魔法攻撃を行う。
さらに『再生』付与の前に、味方全体の最大HPが40%増加する(最大2スタックまで)(解除不可)。",2026/06/09 9:34:29,4
126,A2,フローソイデスの開花,"自身のHPを自身の最大HP×5%回復する。これを3回発動する。
その後ランダムな敵3体に攻撃力×480%の魔法攻撃を行う。
このスキルを7ターン目以降に発動した場合、このスキルの自身のHPを回復する効果は発動せず、魔法攻撃のダメージが3倍になる。",,,,2026/06/09 9:34:29,4
126,P1,命溢るるカンテラ,自身か味方のアクティブスキルがHPを回復する効果を発動したとき、自身と自身以外の攻撃力が最も高い味方2体に『旺花』を1スタック付与する（最大15スタック）（解除不可）。このバフは1スタックにつき付帯者の攻撃力を5％、カウンタを1％（翠属性なら2％）増加させる。,,,,2026/06/09 9:34:29,
126,P2,帰り花のよすが,自身が攻撃を受けたとき、自身のHPを被ダメージ×60%回復する。攻撃で自身が戦闘不能になったとき、このスキルは発動しない。さらに、バトル開始時、自身の最大HPが100%増加する（解除不可）。,,,,2026/06/09 9:34:29,
125,A1,ファントムダスト,攻撃力が高い敵2体に攻撃力×220％の魔法攻撃を行い、70%の確率で対象に1ターンの間『気絶』を付与する。,攻撃力が高い敵3体に攻撃力×220％の魔法攻撃を行い、70%の確率で対象に1ターンの間『気絶』を付与する。,,攻撃力が高い敵3体に攻撃力×240％の魔法攻撃を行い、70%の確率で対象に1ターンの間『気絶』を付与する。,2026/06/09 9:38:53,4
125,A2,ラストグレイン,ランダムな敵に10回攻撃力160%(残り香スタック数が20の場合は、320%）の魔法攻撃を行う。さらに攻撃の前に4ターンの間対象の被回復量を40%減少させる。,,,,2026/06/09 9:38:53,4
125,P1,情報転写体,バトル開始時、2ターンの間自身の弱体効果命中が30％増加する。バトル開始時、さらに味方編成内で同じ属性の味方の編成数が3体以上の場合、2ターンの間自身のスピードが10％増加する(解除不可)。,,バトル開始時、2ターンの間自身の弱体効果命中が30％増加する。バトル開始時、さらに味方編成内で同じ属性の味方の編成数が3体以上の場合、2ターンの間自身のスピードが30％増加する(解除不可)。,,2026/06/09 9:38:53,
125,P2,後悔の残り香,自身か味方がアクティブスキルで弱体効果を付与するたび、弱体効果を1つ以上付帯している敵の数分、自身と自身以外の攻撃力が最も高い味方2体に『残り香』を1スタック付与する（最大20）（解除不可）。このバフは1スタックにつき付帯者の攻撃力を2％増加させる。,,,,2026/06/09 9:38:53,
124,A1,ブレイクウォード,ランダムな敵3体に攻撃力×420%の物理攻撃を行う。さらに、攻撃のダメージが『多重バリア』で無効化された場合、対象に1回攻撃力×420%の物理攻撃を行う。,ランダムな敵5体に攻撃力×420%の物理攻撃を行う。さらに、攻撃のダメージが『多重バリア』で無効化された場合、対象に1回攻撃力×420%の物理攻撃を行う。,,ランダムな敵5体に攻撃力×460%の物理攻撃を行う。さらに、攻撃のダメージが『多重バリア』で無効化された場合、対象に1回攻撃力×460%の物理攻撃を行う。,2026/06/09 9:35:08,4
124,A2,ライフブルーム,1ターンの間自身と自身以外の攻撃力が最も高い味方の防御力を5％減少させ、攻撃力を30％増加させる。『防御力減少』の付与は必ず発生する。その後ランダムな敵5体に攻撃力×380%(攻撃前に対象の『怠惰』スタックが12の場合、攻撃力×570%）の物理攻撃を行う。,,,,2026/06/09 9:35:08,4
124,P1,あの人のように,1ターン目と5ターン目のターン開始時、自身と自身以外の攻撃力が最も高い味方に2ターンの間『結界』(ダメージ20%を遮断)を付与する（解除不可）。さらに、バトル開始時、自身の被ダメージが70%減少する(解除不可)。,,1ターン目と5ターン目のターン開始時、自身と自身以外の攻撃力が最も高い味方に2ターンの間『結界』(ダメージ50%を遮断)を付与する（解除不可）。さらに、バトル開始時、自身の被ダメージが70%減少する(解除不可)。,,2026/06/09 9:35:08,
124,P2,カウンターウィザー,自身か味方がアクティブスキルで弱体効果を受けた時、ランダムな敵5体に2ターンの間『怠惰』を2スタック付与する（最大12）。この弱体効果は1スタックにつき付帯者のクリティカル率を5％減少させる。さらに、『怠惰』　付与の判定後、対象が『クリティカル率増加』を付帯している場合、対象の『怠惰』スタックを1増加させる。自身か味方がアクティブスキルで弱体効果を受けた時、さらに『怠惰』付与の前に自身の弱体効果を1つ解除する。,,,,2026/06/09 9:35:08,
123,A1,レイジーロック,ランダムな敵3体に攻撃力×330%の魔法攻撃を行い、70%の確率で2ターン(対象の魔力が自身よりも低い場合は5ターン）の間対象のスピードを20％減少させる。,ランダムな敵5体に攻撃力×330%の魔法攻撃を行い、70%の確率で2ターン(対象の魔力が自身よりも低い場合は5ターン）の間対象のスピードを20％減少させる。,,ランダムな敵5体に攻撃力×360%の魔法攻撃を行い、70%の確率で2ターン(対象の魔力が自身よりも低い場合は5ターン）の間対象のスピードを20％減少させる。,2026/06/09 9:42:13,4
123,A2,トリッキースランバー,ランダムな敵4体に攻撃力×380%(スキル3週目以降の場合は1520%)の魔法攻撃を行う。その後70%の確率で攻撃力が最も高い敵に1ターン(自身が付帯しているバフの個数が4個以上の場合は2ターン）の間『気絶』を付与する。,,,,2026/06/09 9:42:13,4
123,P1,怠け者の黒兎,1ターン目のターン開始時、10ターンの間自身(『弱体効果無効』または『行動阻害無効』を付帯している敵がいる場合は、味方全体）に自身の攻撃力×200%(付与対象が黄属性の場合は500%)のシールドを付与する。さらに、バトル開始時、自身の被ダメージが10%減少する（解除不可）。,,1ターン目のターン開始時、10ターンの間自身(『弱体効果無効』または『行動阻害無効』を付帯している敵がいる場合は、味方全体）に自身の攻撃力×200%(付与対象が黄属性の場合は500%)のシールドを付与する。さらに、バトル開始時、自身の被ダメージが70%減少する（解除不可）。,,2026/06/09 9:42:13,
123,P2,漂流者の終着地,自身の行動開始時、4ターンの間自身の防御力が100％、命中率が30％増加する。このスキルは発動後4回行動終了するまで再発動しない。さらに、自身の行動開始時、自身以外の黄属性の味方の編成数が2体以上の場合、4ターンの間自身のHPドレインが20%増加する。,,,,2026/06/09 9:42:13,
122,A1,誓い結うリボン,自身に２回自身の現在HP×20％の自称ダメージを与え、70%の確率で付帯しているバフの個数が最も多い敵のバフを2つ解除する。その後ランダムな敵に6回攻撃力×580%の物理攻撃を行う。,自身に２回自身の現在HP×20％の自称ダメージを与え、70%の確率で付帯しているバフの個数が最も多い敵のバフを2つ(自身以外の紅属性の味方の編成数が3体以上の場合は6つ）解除する。その後ランダムな敵に6回攻撃力×580%の物理攻撃を行う。,,自身に２回自身の現在HP×20％の自称ダメージを与え、70%の確率で付帯しているバフの個数が最も多い敵のバフを2つ(自身以外の紅属性の味方の編成数が3体以上の場合は6つ）解除する。その後ランダムな敵に6回攻撃力×630%の物理攻撃を行う。,2026/06/09 9:42:24,4
122,A2,願い託す花傘,自身に2回自身の現在HP×20％の自称ダメージを与え、70%の確率で付帯しているバフの個数が最も多い敵のバフを2つ解除する。その後攻撃力が高い敵3体に攻撃力×1120%の物理攻撃を行い、70％の確率で対象に1ターンの間『沈黙』を付与する。,,自身に2回自身の現在HP×20％の自称ダメージを与え、70%の確率で付帯しているバフの個数が最も多い敵のバフを2つ解除する。その後攻撃力が高い敵3体に攻撃力×1120%の物理攻撃を行い、70％の確率で対象に2ターンの間『沈黙』を付与する。,,2026/06/09 9:42:24,4
122,P1,祈り宿るブローチ,自身が敵のバフを解除したとき、2ターンの間自身と自身以外の攻撃力が最も高い味方の攻撃力を自身の攻撃力×20%（対象が紅属性なら50%）、防御力を自身の防御力×20％(対象が紅属性なら50%）増加させる（解除不可）。,,,,2026/06/09 9:42:24,
122,P2,想い刻む懐中時計,自身の通常攻撃を強化する。通常攻撃時ランダムな敵に3回攻撃力×300%の物理攻撃を行う。自身のHP 割合が低くなるほど物理攻撃のダメージが大きくなる(最大攻撃力×600%まで)。ただしHP割合の判定は攻撃1回ごとに行う。さらにバトル開始時、4ターンの間自身のスピードが30%増加する(解除不可)。,,,,2026/06/09 9:42:24,
121,A1,アヴィドの旋風,ランダムな敵3体に攻撃力×440%の物理攻撃を行う。さらに、物理攻撃の前に4ターンの間対象の被ダメージを10％増加させる。対象のステータス増減前の攻撃力が自身よりも低い場合、被ダメージの増加量が30%になる。,ランダムな敵5体に攻撃力×440%の物理攻撃を行う。さらに、物理攻撃の前に4ターンの間対象の被ダメージを10％増加させる。対象のステータス増減前の攻撃力が自身よりも低い場合、被ダメージの増加量が30%になる。,,ランダムな敵5体に攻撃力×480%の物理攻撃を行う。さらに、物理攻撃の前に4ターンの間対象の被ダメージを10％増加させる。対象のステータス増減前の攻撃力が自身よりも低い場合、被ダメージの増加量が30%になる。,2026/06/09 9:42:37,4
121,A2,華麗なるワルツ,攻撃力高い敵2体に攻撃力×1520%の物理攻撃を行う。さらに対象のステータス増減前の攻撃力が自身よりも低い場合、物理攻撃のダメージが攻撃力×2280%になる。,,,,2026/06/09 9:42:37,4
121,P1,愛おしい面影,バトル開始時、自身に『面影』を10スタック付与する（解除不可）。このバフは1スタックにつき自身のクリティカル率を3％増加させる。毎ターン開始時、自身が『面影』を付帯している場合、自身の『面影』のスタック数を1消費し、1ターンの間攻撃力が高い味方2体の攻撃力を30%増加させる。さらに、3ターン目のターン開始時、バトル中自身と見方が攻撃してクリティカルヒットした回数の合計が5以上の場合、自身の『面影』スタック数を4消費し、攻撃力が最も高い味方のスキルクールタイムカウントを2減少させる。,,,,2026/06/09 9:42:37,
121,P2,私の宝物,自身が攻撃を受けた時、ダメージを20%遮断する。自身が『面影』を付帯している場合、ダメージの遮断量が60%（自身が『面影』を付帯している場合は75%）になる。さらにバトル開始時、攻撃力が最も高い味方の最大HPを25%増加させる（解除不可）。,,自身が攻撃を受けた時、ダメージを20%遮断する。自身が『面影』を付帯している場合、ダメージの遮断量が60%（自身が『面影』を付帯している場合は75%）になる。さらにバトル開始時、攻撃力が最も高い味方の最大HPを50%増加させる（解除不可）。,,2026/06/09 9:42:37,
120,A1,朧氷面鏡,自身のHPを自身の最大HP×5％回復する。その後攻撃力が高い敵3体に攻撃力×440%の物理攻撃を行い、70％の確率で4ターンの間対象に『脱力』を付与する。付帯者のバトル中ステータスの攻撃力が20%減少する。,自身のHPを自身の最大HP×5％回復する。その後攻撃力が高い敵3体に攻撃力×440%の物理攻撃を行い、70％の確率で4ターンの間対象に『脱力』を付与する。付帯者のバトル中ステータスの攻撃力が40%減少する。,,自身のHPを自身の最大HP×5％回復する。その後攻撃力が高い敵3体に攻撃力×480%の物理攻撃を行い、70％の確率で4ターンの間対象に『脱力』を付与する。付帯者のバトル中ステータスの攻撃力が40%減少する。,2026/06/09 9:42:49,4
120,A2,山の恵み･･････？,HP割合が最も低い味方のHPを自身の攻撃力×30%回復する。これを3回発動する。その後HP割合が高い敵3体に攻撃力×480%の物理攻撃を行い、70%の確率で2ターンの間対象に『毒』を付与する。毎ターン行動開始時に付帯者の現在HP×10％のダメージを与える。さらに物理攻撃の目にバトル中自身か味方のアクティブスキルによるHPを回復する効果の発動回数が15以上の場合、物理攻撃ダメージが攻撃力×1920%になる。,,,,2026/06/09 9:42:49,4
120,P1,竜神さまのご加護,バトル開始時、6ターンの間自身に隣接する味方2体の被回復量を10％増加させる。自身が行動不能になったとき、このスキル付与した味方の『被回復量増加』を解除する。バトル開始時、さらに自身に隣接する味方2体の最大HPを自身の最大HP×20%増加させる（解除不可）。,,バトル開始時、6ターンの間味方全体の被回復量を10％増加させる。自身が行動不能になったとき、このスキル付与した味方の『被回復量増加』を解除する。バトル開始時、さらに味方全体の最大HPを自身の最大HP×20%増加させる（解除不可）。,,2026/06/09 9:42:49,
120,P2,踏み出す巫女,自身が攻撃を受けたとき、自身のHPを被ダメージ×40％回復する。攻撃で自身が行動不能になった場合、このスキルは発動しない。さらにバトル開始時、自身の被ダメージが40％減少する（解除不可）。,,,,2026/06/09 9:42:49,
119,A1,ディソシエ―ション,ランダムな敵3体に攻撃力×400%の魔法攻撃を行う。攻撃の前に5ターンの間対象に魔法防御力が5％減少する弱体効果を1スタック付与する（最大8）。さらに『魔法防御力減少』付与の判定の後、バトル中このスキルを発動するのが3回目以降の場合、このスキルで付与した対象の『魔法防御力減少』スタックを2増加させる。,ランダムな敵5体に攻撃力×400%の魔法攻撃を行う。攻撃の前に5ターンの間対象に魔法防御力が5％減少する弱体効果を1スタック付与する（最大8）。さらに『魔法防御力減少』付与の判定の後、バトル中このスキルを発動するのが3回目以降の場合、このスキルで付与した対象の『魔法防御力減少』スタックを2増加させる。,,ランダムな敵5体に攻撃力×440%の魔法攻撃を行う。攻撃の前に5ターンの間対象に魔法防御力が5％減少する弱体効果を1スタック付与する（最大8）。さらに『魔法防御力減少』付与の判定の後、バトル中このスキルを発動するのが3回目以降の場合、このスキルで付与した対象の『魔法防御力減少』スタックを2増加させる。,2026/06/09 9:43:04,4
119,A2,フォトンレイ,魔法防御力が最も低い敵に7回攻撃力×420%の魔法攻撃を行う。スキル発動3週目は攻撃力×630%、4週目以降は攻撃力×840%になり、対象の『シールド』を無視する。,,,,2026/06/09 9:43:04,4
119,P1,虐げられた才能,毎ターン開始時、自身に『妖精さん』を1スタック(自身以外の黄属性の味方の編成数が2体以上の場合は2スタック）付与する（最大30）（解除不可）。このバフは1スタックにつき自身の攻撃力を3％、物理防御力を5％増加させる。さらに、ターン開始時、4ターンの間自身に攻撃力×200%の『シールド』を付与する。シールド発動が4回行動終了するまで再発動せず13ターン目以降は発動しない。,,毎ターン開始時、自身に『妖精さん』を1スタック(自身以外の黄属性の味方の編成数が2体以上の場合は2スタック）付与する（最大30）（解除不可）。このバフは1スタックにつき自身の攻撃力を3％、物理防御力を5％増加させる。さらに、ターン開始時、4ターンの間自身に攻撃力×1000%の『シールド』を付与する。シールド発動が4回行動終了するまで再発動せず13ターン目以降は発動しない。,,2026/06/09 9:43:04,
119,P2,振り絞る勇気,ターン開始時、4ターンの間自身の被ダメージが30％減少し、防御力が150％増加する。このスキルは発動後4回行動終了するまで再発動しない。,,,,2026/06/09 9:43:04,
118,A1,証の銀貨,4ターンの間攻撃力が最も高い味方の攻撃力と命中率をそれぞれ25%増加させる(解除不可)。これらは1つのバフとして扱う。その後ランダムな敵5体に攻撃力×440%の魔法攻撃を行う。,4ターンの間攻撃力が最も高い味方の攻撃力と命中率をそれぞれ50%増加させる(解除不可)。これらは1つのバフとして扱う。その後ランダムな敵5体に攻撃力×440%の魔法攻撃を行う。,,4ターンの間攻撃力が最も高い味方の攻撃力と命中率をそれぞれ50%増加させる(解除不可)。これらは1つのバフとして扱う。その後ランダムな敵5体に攻撃力×480%の魔法攻撃を行う。,2026/06/09 9:43:19,4
118,A2,色褪せない悔恨,自身以外の味方全体とランダムな敵5体に4ターンの間『反照』を1スタック付与する（最大2）。この弱体効果は1スタックにつき付帯者の回避率を5％減少させる。その後ランダムな敵3体に攻撃力×660%(攻撃前に『反照』を付帯している敵が3体以上の場合は、攻撃力×990%）の魔法攻撃を行う。,,,,2026/06/09 9:43:19,4
118,P1,孤独な星二つ,1ターン目のターン開始時自身と自身以外の攻撃力が最も高い味方に、6ターンの間ステータス増減前の対象の最大HP×30％の『シールド』を付与する(解除不可)。さらに、『シールド』を付与する対象が藍属性の場合、『シールド』の大きさが付与者自身の攻撃力×200%大きくなる。,,1ターン目のターン開始時自身と自身以外の攻撃力が最も高い味方に、6ターンの間ステータス増減前の対象の最大HP×80％の『シールド』を付与する(解除不可)。さらに、『シールド』を付与する対象が藍属性の場合、『シールド』の大きさが付与者自身の攻撃力×600%大きくなる。,,2026/06/09 9:43:19,
118,P2,反照の理,自身がアクティブスキルで弱体効果を受けた時、ランダムな敵3体に4ターンの間『反照』を1スタック付与する（最大2）。この弱体効果は1スタックにつき付帯者の回避率を5％減少させる。自身がアクティブスキルで弱体効果を受けた時、さらに『反照』付与の判定の後『反照』を付帯している敵が3体以上の場合、自身の弱体効果を2つ解除する。さらに、バトル開始時、自身の被ダメージが60%減少する(解除不可)。,,,,2026/06/09 9:43:19,
117,A1,砂塵の猛攻,ランダムな敵に5回攻撃力×480%の物理攻撃を行う。攻撃の前に70％の確率で対象に2ターンの間『砂塵』スタックを1つ付与する（最大4）。この弱体効果は1スタックにつき付帯者の被ダメージを5％増加させる。さらに、『砂塵』付与の判定後、対象のHP割合が70%以上の場合、さらにスタックを1増加させる。,ランダムな敵に8回攻撃力×480%の物理攻撃を行う。攻撃の前に70％の確率で対象に2ターンの間『砂塵』スタックを1つ付与する（最大4）。この弱体効果は1スタックにつき付帯者の被ダメージを5％増加させる。さらに、『砂塵』付与の判定後、対象のHP割合が70%以上の場合、さらにスタックを1増加させる。,,,2026/06/09 9:50:42,4
117,A2,砂塵乱風,ランダムな敵に5回攻撃力×710%の物理攻撃を行う。攻撃の前に対象が『砂塵』スタックを4つ以上付帯している場合、対象のバフを2つ解除する(弱体効果命中の判定は1度のみ行う）。スタック4以上の場合、さらに自身のスキルクールタイムカウントを0にする。この効果はバトル中1回のみ発動する。,,,ランダムな敵に5回攻撃力×780%の物理攻撃を行う。攻撃の前に対象が『砂塵』スタックを4つ以上付帯している場合、対象のバフを2つ解除する(弱体効果命中の判定は1度のみ行う）。スタック4以上の場合、さらに自身のスキルクールタイムカウントを0にする。この効果はバトル中1回のみ発動する。,2026/06/09 9:50:42,4
117,P1,戦士の鼓舞,バトル開始時、4ターンの間攻撃力が最も高い味方の攻撃力をステータス増減前の対象の防御力×200%増加させる（解除不可）。,,バトル開始時、4ターンの間攻撃力が最も高い味方2体の攻撃力をステータス増減前の対象の防御力×200%増加させる（解除不可）。,,2026/06/09 9:50:42,
117,P2,はじめての友達,バトル開始時、2ターンの間自身の命中率が50%増加する(解除不可)。さらに、1ターン目と2ターン目のターン開始時、自身に『多重バリア』を付与する（最大1層）（解除不可）。自身の最大HP×10％以上のダメージを受けると、バリアを1層消費してそのダメージを無効化する。,,,,2026/06/09 9:50:42,
108,A1,不屈の牙,自身のHPを自身の最大HP×5％回復する。その後攻撃力が高い敵2体に攻撃力×620％の物理攻撃を行い、70％の確率で6ターンの間対象に『バフ無効』を付与する。,自身のHPを自身の最大HP×5％回復する。その後攻撃力が高い敵3体に攻撃力×620％の物理攻撃を行い、70％の確率で6ターンの間対象に『バフ無効』を付与する。,,自身のHPを自身の最大HP×5％回復する。その後攻撃力が高い敵3体に攻撃力×680％の物理攻撃を行い、70％の確率で6ターンの間対象に『バフ無効』を付与する。,2026/07/13 9:45:45,4
108,A2,星狼の爪撃,自身のHPを自身の最大HP×5％回復する。その後攻撃力が最も高い敵に4回攻撃力×280％(攻撃前に『狼と人の絆』スタック数が10の場合は、1120％）の物理攻撃を行う。,,,,2026/07/13 9:45:45,4
108,P1,天の動かぬ標,バトル開始時、自身の最大HPが100％増加する（解除不可）。さらにバトル開始時、自身と自身以外の攻撃力が最も高い味方の防御力と物理防御力と物理クリダメ緩和をそれぞれ20％増加させる(解除不可)。,,"バトル開始時、自身の最大HPが100％増加する（解除不可）。<br>
さらにバトル開始時、自身と自身以外の攻撃力が最も高い味方の防御力と物理防御力と物理クリダメ緩和をそれぞれ20％増加させる(解除不可)。バフを付与する対象が翠属性の場合は、防御力と物理防御力が80％増加、物理クリダメ緩和は40％増加となる。",,2026/07/13 9:45:45,
108,P2,揺るがぬ誓い,自身か味方のアクティブスキルがHPを回復する効果を発動したとき、自身と自身以外の攻撃力が最も高い味方に『狼と人の絆』を1スタック付与する（最大10）（解除不可）。このバフは1スタックにつき付帯者の攻撃力と命中率をそれぞれ8％増加させる。,,,,2026/07/13 9:45:45,
110,A1,継がれた灯火,4ターンの間味方全体にステータス増減前の対象の最大HP×10%(さらに、対象が黄属性ならステータス増減前の付与者自身の攻撃力×100%追加）の『シールド』を付与する。その後ランダムな敵4体に攻撃力×410%の魔法攻撃を行う。バトル中このスキルを発動するのが3回目以降の場合、『シールド』の付与は行わず、魔法攻撃のダメージが攻撃力×1640%になる。,4ターンの間味方全体にステータス増減前の対象の最大HP×30%(さらに、対象が黄属性ならステータス増減前の付与者自身の攻撃力×400%追加）の『シールド』を付与する。その後ランダムな敵4体に攻撃力×410%の魔法攻撃を行う。バトル中このスキルを発動するのが3回目以降の場合、『シールド』の付与は行わず、魔法攻撃のダメージが攻撃力×1640%になる。,,,2026/06/05 11:49:51,4
110,A2,アレヴ・セラープ,ランダムな敵に4回攻撃力×260%(3回目以降は1040%)の魔法攻撃をおこなう。さらに、最後の魔法攻撃後、自身に1ターンの間『軽快』を付与する。毎ターン行動終了後にスキルクールタイムカウントを1減少させる。,,,ランダムな敵に4回攻撃力×280%(3回目以降は1120%)の魔法攻撃をおこなう。さらに、最後の魔法攻撃後、自身に1ターンの間『軽快』を付与する。毎ターン行動終了後にスキルクールタイムカウントを1減少させる。,2026/06/05 11:49:51,4
110,P1,炎の申し子,自身の行動開始時、自身と自身以外の攻撃力が最も高い味方に『陽炎の灯』を1スタック(バフを4つ以上付帯している味方がいる場合は2スタック)付与する（最大15）(解除不可)。このバフは1スタックにつき付帯者の攻撃力を5％増加させる。,,,,2026/06/05 11:49:51,
110,P2,陽炎の抱擁,自身の被ダメージが20％減少する（解除不可）。さらに、自身の物理クリダメ緩和が30%増加する（解除不可）。,,自身の被ダメージが75％減少する（解除不可）。さらに、自身の物理クリダメ緩和が30%増加する（解除不可）。,,2026/06/05 11:49:51,
112,A1,マジカルキャンディ,ランダムな敵3体に攻撃力×280%の物理攻撃を行い、自身以外の攻撃力が最も高い味方に『隠し味』を1スタック付与する（最大15）（解除不可）。このバフは1スタックにつき付帯者の攻撃力を6％増加させる。さらに、このスキルを7ターン目以降に発動した場合、『隠し味』の付与スタック数が3になる。,ランダムな敵5体に攻撃力×280%の物理攻撃を行い、自身以外の攻撃力が最も高い味方に『隠し味』を1スタック付与する（最大15）（解除不可）。このバフは1スタックにつき付帯者の攻撃力を6％増加させる。さらに、このスキルを7ターン目以降に発動した場合、『隠し味』の付与スタック数が3になる。,,,2026/06/05 11:36:42,4
112,A2,魔法のフレーバー,ランダムな敵3体に5回攻撃力×290%の物理攻撃を行う。最後の物理攻撃の後自身以外の攻撃力が最も高い味方に『隠し味』を1スタック付与する（最大15）（解除不可）。このバフは1スタックにつき付帯者の攻撃力を6％増加させる。さらに、このスキルを7ターン目以降に発動した場合、『隠し味』の付与の後に自身のスキルクールタイムカウントが5減少する。,,,ランダムな敵3体に5回攻撃力×320%の物理攻撃を行う。最後の物理攻撃の後自身以外の攻撃力が最も高い味方に『隠し味』を1スタック付与する（最大15）（解除不可）。このバフは1スタックにつき付帯者の攻撃力を6％増加させる。さらに、このスキルを7ターン目以降に発動した場合、『隠し味』の付与の後に自身のスキルクールタイムカウントが5減少する。,2026/06/05 11:36:42,4
112,P1,世界一優しい魔法,自身が攻撃を受けた時のダメージを60%遮断する。ターン開始時、自身に隣接する味方2体に4ターンの間『結界』を付与する（解除不可）。このバフの付帯者が自身の最大HP×10%を超えるダメージを受けた場合、最大HPの10%を超えた分のダメージを20％遮断する。『結界』を付与する効果は発動後4回行動終了するまで再発動しない。,,自身が攻撃を受けた時のダメージを60%遮断する。ターン開始時、自身に隣接する味方2体に4ターンの間『結界』を付与する（解除不可）。このバフの付帯者が自身の最大HP×10%を超えるダメージを受けた場合、最大HPの10%を超えた分のダメージを50％遮断する。『結界』を付与する効果は発動後4回行動終了するまで再発動しない。,,2026/06/05 11:36:42,
112,P2,愛情たっぷり,6ターン目までの毎ターン終了後、味方全体のHPを自身の攻撃力×50％回復する。さらに、バトル開始時1ターンの間味方全体のクリティカル耐性を60%増加させる。,,,,2026/06/05 11:36:42,
101,A1,ラスト・レクイエム,ランダムな敵3体に攻撃力×680％の魔法攻撃を行う。さらに攻撃のダメージが『多重バリア』で無効化された場合、対象に攻撃力×680％の魔法攻撃を1回行う。,ランダムな敵5体に攻撃力×680％の魔法攻撃を行う。さらに攻撃のダメージが『多重バリア』で無効化された場合、対象に攻撃力×680％の魔法攻撃を1回行う。,,,2026/06/09 9:52:37,4
101,A2,錆鉄の崩翼,ランダムな敵3体に攻撃力×1640％の魔法攻撃を行う。さらに攻撃のダメージが『多重バリア』で無効化された場合、対象に攻撃力×1640％の魔法攻撃を1回行う。,,,ランダムな敵3体に攻撃力×1790％の魔法攻撃を行う。さらに攻撃のダメージが『多重バリア』で無効化された場合、対象に攻撃力×1790％の魔法攻撃を1回行う。,2026/06/09 9:52:37,4
101,P1,天使の残光,バトル開始時攻撃力が高い味方3体に1ターンの間『沈黙無効』を付与する。さらに、1，11，21，31ターン目のターン開始時、攻撃力が最も高い味方1体(味方編成内で同じ属性の味方の編成数が3体以上の場合は3体）に1ターンの間ステータス増減前の対象の最大HP×30％の『シールド』を付与する(解除不可)。『シールド』を付与する効果は自身が戦闘不能状態でも発動する。,,バトル開始時攻撃力が高い味方3体に1ターンの間『沈黙無効』を付与する。さらに、1，11，21，31ターン目のターン開始時、攻撃力が最も高い味方1体(味方編成内で同じ属性の味方の編成数が3体以上の場合は3体）に1ターンの間ステータス増減前の対象の最大HP×100％の『シールド』を付与する(解除不可)。『シールド』を付与する効果は自身が戦闘不能状態でも発動する。,,2026/06/09 9:52:37,
101,P2,星に願いを,自身が攻撃を受けた時、ダメージを60％(4ターン目のターン終了時までは80％）遮断する。,,,,2026/06/09 9:52:37,
99,A1,言の葉の風,自身に『言霊のおまじない』を1スタック付与する(最大5)(解除不可)。このバフは1スタックにつき自身の命中率を4％増加させる。その後攻撃力が最も高い敵に4回攻撃力×210％(攻撃前に『言霊のおまじない』スタックが3以上の場合は、630％）の物理攻撃を行う。さらに、自身以外の黄属性の味方の編成数が2体以上の場合、『言霊のおまじない』の付与スタック数が2になる。,自身に『言霊のおまじない』を1スタック付与する(最大5)(解除不可)。このバフは1スタックにつき自身の命中率を4％増加させる。その後攻撃力が最も高い敵に6回攻撃力×210％(攻撃前に『言霊のおまじない』スタックが3以上の場合は、630％）の物理攻撃を行う。さらに、自身以外の黄属性の味方の編成数が2体以上の場合、『言霊のおまじない』の付与スタック数が2になる。,,自身に『言霊のおまじない』を1スタック付与する(最大5)(解除不可)。このバフは1スタックにつき自身の命中率を5％増加させる。その後攻撃力が最も高い敵に6回攻撃力×210％(攻撃前に『言霊のおまじない』スタックが3以上の場合は、630％）の物理攻撃を行う。さらに、自身以外の黄属性の味方の編成数が2体以上の場合、『言霊のおまじない』の付与スタック数が2になる。,2026/06/09 9:53:00,4
99,A2,凍える声,スピードが最も高い敵に4回攻撃力×340％の物理攻撃を行う。攻撃前に『言霊のおまじない』のスタック数が3以上の場合は物理攻撃のダメージが攻撃力×1020％になる。スタック数が5以上の場合は2720％。,,,,2026/06/09 9:53:00,4
99,P1,先生の教え,ターン開始時4ターンの間自身のクリティカル耐性が40％、防御力が100％、物理防御力が100％増加する。このスキルは発動後4回行動するまで再発動しない。,,ターン開始時4ターンの間自身のクリティカル耐性が60％、防御力が100％、物理防御力が100％増加する。このスキルは発動後4回行動するまで再発動しない。,,2026/06/09 9:53:00,
99,P2,言霊の魔法,バトル開始時自身の被ダメージが60％減少する（解除不可）。ターン開始時味方全体に4ターンの間『バフカバ―』を付与する。このスキルは発動後4回行動終了するまで再発動しない。,,,,2026/06/09 9:53:00,
97,A1,深紅の露,4ターンの間付帯しているバフの数が最も多い味方のHPドレインを30％増加させる。その後ランダムな敵に3回攻撃力580%の物理攻撃を行う。,4ターンの間付帯しているバフの数が最も多い味方のHPドレインを30％増加させる。その後ランダムな敵に5回攻撃力580%の物理攻撃を行う。,,4ターンの間付帯しているバフの数が最も多い味方のHPドレインを30％増加させる。その後ランダムな敵に5回攻撃力640%の物理攻撃を行う。,2026/06/09 9:53:23,4
97,A2,煤まみれの乙鳥,4ターンの間、付帯しているバフの個数が最も多い味方の攻撃力を30％増加させる。その後攻撃力が最も高い敵に4回(2週目は5回、3週目以降は6回)攻撃力×740%の物理攻撃を行う。,,,,2026/06/09 9:53:23,4
97,P1,蒼金繕いのルベウス,ルスティカの行動終了時、8ターンの間ルスティカとそれ以外の付帯しているバフの個数が最も多い味方に自身の攻撃力×75％(黄属性なら150%)のシールドを付与する(解除不可)。,,ルスティカの行動終了時、8ターンの間ルスティカとそれ以外の付帯しているバフの個数が最も多い味方に自身の攻撃力×400％(黄属性なら800%)のシールドを付与する(解除不可)。,,2026/06/09 9:53:23,
97,P2,青い鳥の守り人,バトル開始時、自身に1ターンの間被ダメージ75%減少のバフを付与する（解除不可）。さらにルスティカの行動終了時、自身が付帯しているバフのターン数が減少後に、解除可能なバフを3つ以上付帯している味方がいる場合、再付与する。さらに、4つ以上付帯している味方がいる場合、1ターンの間ルスティカの攻撃力が30%増加する（解除不可）。,,,,2026/06/09 9:53:23,
88,A1,ヴァイングロウ,ランダムな敵に3回攻撃力×100％の物理攻撃を行う。その後自身に『成長因子』を2スタック付与する(最大10)(解除不可)。物理攻撃の前に自身が付帯している『成長因子』のスタック1につき、物理攻撃のダメージが攻撃力×100％大きくなる(最大1100％)。,ランダムな敵に5回攻撃力×100％の物理攻撃を行う。その後自身に『成長因子』を2スタック付与する(最大10)(解除不可)。物理攻撃の前に自身が付帯している『成長因子』のスタック1につき、物理攻撃のダメージが攻撃力×100％大きくなる(最大1100％)。,,,2026/06/09 9:54:03,4
88,A2,ヴァイオサージ,ランダムな敵に5回攻撃力×220％の物理攻撃を行う。さらに物理攻撃の前に自身が付帯している『成長因子』のスタック1につき、物理攻撃のダメージが攻撃力×40％大きくなる(最大620％)。さらに最後の物理攻撃の後『命中率増加』を付帯している味方がいる場合、自身に『成長因子』を3スタック付与する(最大10)（解除不可）。,,,ランダムな敵に5回攻撃力×250％の物理攻撃を行う。さらに物理攻撃の前に自身が付帯している『成長因子』のスタック1につき、物理攻撃のダメージが攻撃力×50％大きくなる(最大750％)。さらに最後の物理攻撃の後『命中率増加』を付帯している味方がいる場合、自身に『成長因子』を3スタック付与する(最大10)（解除不可）。,2026/06/09 9:54:03,4
88,P1,古き災厄の種,自身が攻撃して、対象を戦闘不能にできなかった場合、自身に1層の『多重バリア』を付与する（最大4層）（解除不可）。自身の最大HP×10％以上のダメージを受けると、バリアを1層消費してそのダメージを無効化する。さらに、自身がこのスキルで付与した『多重バリア』を4層付帯している状態で新しく付与が行われる場合、『多重バリア』付与の対象が自身以外の攻撃力が最も高い味方になる。,,,,2026/06/09 9:54:03,
88,P2,オーキシンX,バトル開始時1ターンの間自身のスピードが20％増加する。さらに5ターン目のターン開始時、自身の命中率が50％増加する（解除不可）。,,バトル開始時1ターンの間自身のスピードが20％増加する。バトル開始時、味方編成内で同じ属性の味方の生存数が3体以上の場合、味方全体のスピードを10％増加させる（解除不可）。さらに5ターン目のターン開始時、自身の命中率が50％増加する（解除不可）。,,2026/06/09 9:54:03,
53,A1,リアクティブブレイド,4ターンの間自身と自身以外のスピードが低い味方2体の与ダメージが25%増加する。このターン中に対象が攻撃を受けた回数によって世ダメージの増加量は上昇して、45%、60%、75%の順に大きくなる（最大4回）。その後攻撃力が最も高い敵に攻撃力×980%の物理攻撃を行い、自身のHPをこのスキルの総世ダメージ×30%回復する。,4ターンの間自身と自身以外のスピードが低い味方2体の与ダメージが25%増加する。このターン中に対象が攻撃を受けた回数によって世ダメージの増加量は上昇して、45%、60%、75%の順に大きくなる（最大4回）。その後攻撃力が最も高い敵に攻撃力×1170%の物理攻撃を行い、自身のHPをこのスキルの総世ダメージ×30%回復する。,4ターンの間自身と自身以外のスピードが低い味方2体の与ダメージが30%増加する。このターン中に対象が攻撃を受けた回数によって世ダメージの増加量は上昇して、54%、72%、84%、90%の順に大きくなる（最大4回）。その後攻撃力が最も高い敵に攻撃力×1170%の物理攻撃を行い、自身のHPをこのスキルの総世ダメージ×30%回復する。,,2026/06/07 15:23:35,4
53,A2,アブソーブブレイド,ランダムな敵3体に攻撃力×530%の物理攻撃を行う。さらにスピードが最も低い味方3体のHPをこのスキルの総与ダメージ×15%回復し、弱体効果をすべて解除する。,,,ランダムな敵4体に攻撃力×530%の物理攻撃を行う。さらにスピードが最も低い味方3体のHPをこのスキルの総与ダメージ×15%回復し、弱体効果をすべて解除する。,2026/06/07 15:23:35,4
53,P1,みんな頑張るっす！,自身の防御力と物理防御力をそれぞれ100%増加する（解除不可）。自身に隣接する味方2体の防御力と物理防御力がそれぞれ25%増加する（解除不可）。,,,,2026/06/07 15:23:35,
53,P2,魔剣の守護,自身がアクティブスキルで弱体効果を受けて、自身が付帯している弱体効果の個数が2以上の場合、それをすべて解除する。このスキルは発動後4回行動終了するまで再発動しない。さらに、3ターンの間自身の被ダメージが30%減少する。,,,,2026/06/07 15:23:35,
50,A1,黙れ黙れ黙れぇっ！,2ターンの間攻撃力が最も高い敵の回避率を30%減少させる。その後対象に攻撃力×700%の物理攻撃を行う。その後80%の確率で対象に1ターンの間『気絶』を付与する。さらに『気絶』付与の判定後、対象が『気絶』を付帯していない場合、対象に攻撃力×900％の物理攻撃を行う。この攻撃は必ず命中する。さらに、このスキルで敵を戦闘不能にできなかった場合、このスキルを再発動する（1回まで）。,2ターンの間攻撃力が最も高い敵の回避率を50%減少させる。その後対象に攻撃力×700%の物理攻撃を行う。その後80%の確率で対象に1ターンの間『気絶』を付与する。さらに『気絶』付与の判定後、対象が『気絶』を付帯していない場合、対象に攻撃力×900％の物理攻撃を行う。この攻撃は必ず命中する。さらに、このスキルで敵を戦闘不能にできなかった場合、このスキルを再発動する（1回まで）。,,3ターンの間攻撃力が最も高い敵の回避率を50%減少させる。その後対象に攻撃力×700%の物理攻撃を行う。その後80%の確率で対象に1ターンの間『気絶』を付与する。さらに『気絶』付与の判定後、対象が『気絶』を付帯していない場合、対象に攻撃力×900％の物理攻撃を行う。この攻撃は必ず命中する。さらに、このスキルで敵を戦闘不能にできなかった場合、このスキルを再発動する（1回まで）。,2026/06/07 16:01:11,4
50,A2,見るな笑うなぁっ！,攻撃力が最も高い敵に攻撃力×800%の物理攻撃を行う。対象が『回避率減少』を付帯している場合、物理攻撃のダメージが1.5倍になる。さらに対象が『回避率減少』を付帯していない場合、この攻撃は必ず命中する。さらに自身のHP割合が低くなるほど物理攻撃のダメージが大きくなる(最大攻撃力×1600%まで）,攻撃力が最も高い敵に攻撃力×800%の物理攻撃を行う。対象が『回避率減少』を付帯している場合、物理攻撃のダメージが1.5倍になる。さらに対象が『回避率減少』を付帯していない場合、この攻撃は必ず命中する。さらに自身のHP割合が低くなるほど物理攻撃のダメージが大きくなる(最大攻撃力×1800%まで）,,,2026/06/07 16:01:11,4
50,P1,精神錯乱,自身の攻撃力とクリダメ強化がそれぞれ35%増加する（解除不可）。,,,,2026/06/07 16:01:11,
50,P2,被害妄想,バトル開始時自身に2ターンの間『ステルス』を付与する。さらに自身が最大HPの25%を超えるダメージの攻撃を受けた場合、2ターンの間自身の被ダメージが15%減少する。このスキルは発動後4回行動終了するまで再発動しない。,,,,2026/06/07 16:01:11,
49,A1,ウンディーネ,ランダムな敵3体に攻撃力×430%の魔法攻撃を行う。100%の確率で1ターンの間対象の攻撃力を35%減少させる。対象の魔力が自身よりも低い場合、『攻撃力減少』のターン数が2ターンになる。,ランダムな敵4体に攻撃力×430%の魔法攻撃を行う。100%の確率で1ターンの間対象の攻撃力を35%減少させる。対象の魔力が自身よりも低い場合、『攻撃力減少』のターン数が2ターンになる。,ランダムな敵4体に攻撃力×480%の魔法攻撃を行う。100%の確率で1ターンの間対象の攻撃力を35%減少させる。対象の魔力が自身よりも低い場合、『攻撃力減少』のターン数が2ターンになる。,,2026/06/07 16:08:57,4
49,A2,アンダイン,ランダムな敵に4回攻撃力×380％の魔法攻撃を行う。ターンの間対象のスピードを15%減少させる（最大4スタック）。さらに自身のHPをこのスキルの総与ダメージ×30%回復する。『スピード減少』を付帯している敵を対象とする場合、魔法攻撃のダメージが1.5倍になる。,,,ランダムな敵に4回攻撃力×420％の魔法攻撃を行う。ターンの間対象のスピードを15%減少させる（最大4スタック）。さらに自身のHPをこのスキルの総与ダメージ×30%回復する。『スピード減少』を付帯している敵を対象とする場合、魔法攻撃のダメージが1.5倍になる。,2026/06/07 16:08:57,4
49,P1,雨が教えてくれるの,自身の命中率と弱体効果命中率がそれぞれ40%増加する(解除不可)。,,,,2026/06/07 16:08:57,
49,P2,ふたりぼっちの絆,自身が攻撃を受けて、HP割合が40%未満になった場合、自身の弱体効果をすべて解除する。このスキルは発動後4回行動終了するまで再発動しない。さらに、3ターンの間自身に自身の攻撃力×300%の『シールド』を付与する。,,,,2026/06/07 16:08:57,
47,A1,錆鉄の剣閃,ランダムな敵に4回攻撃力×710%の魔法攻撃を行う。,,,,2026/06/09 10:00:39,4
47,A2,リミッター解除,ランダムな敵4体に自身の魔力×890%の直接攻撃を行い、自身のHPをこのスキルの総与ダメージ×20%回復する。,,ランダムな敵4体に自身の魔力×890%の直接攻撃を行い、自身のHPをこのスキルの総与ダメージ×20%回復する。さらに、自身の命中率が40％増加する（解除不可）。,ランダムな敵4体に自身の魔力×980%の直接攻撃を行い、自身のHPをこのスキルの総与ダメージ×20%回復する。,2026/06/09 10:00:39,4
47,P1,最高傑作,通常攻撃時ランダムな敵3体に自身の魔力×330%の直接攻撃を行う。,,,,2026/06/09 10:00:39,
47,P2,愛の天使,自身が攻撃を受けた時、ダメージの60%を遮断する。,自身が攻撃を受けた時、ダメージの60%(4ターン目のターン終了時までは85%）を遮断する。,,,2026/06/09 10:00:39,
46,A1,紅潔の剣舞,1ターンの間自身の攻撃力が30%増加し、HP割合が最も低い敵に5回攻撃力×450%の物理攻撃を行う。,,,,2026/06/09 10:00:08,4
46,A2,教育的指導！,ランダムな敵に7回攻撃力×360%の物理攻撃を行う。さらに最後の攻撃の後、自身のHP割合が60%未満の場合、味方全体のHPをこのスキルの総与ダメージ×35%回復する。,,,ランダムな敵に8回攻撃力×360%の物理攻撃を行う。さらに最後の攻撃の後、自身のHP割合が60%未満の場合、味方全体のHPをこのスキルの総与ダメージ×35%回復する。,2026/06/09 10:00:08,4
46,P1,教導の精神,自身がアクティブスキルで弱体効果を受けた時、自身のすべての弱体効果のターン数が2ターン減少する。このスキルは発動後4回行動終了するまで再発動しない。さらに自身がアクティブスキルで弱体効果を受けた時、1ターンの間弱体効果を付与してきた敵の弱体効果命中率を50%減少させる。,,自身がアクティブスキルで弱体効果を受けた時、自身のすべての弱体効果のターン数が2ターン減少する。このスキルは発動後4回行動終了するまで再発動しない。さらに自身がアクティブスキルで弱体効果を受けた時、1ターンの間弱体効果を付与してきた敵の弱体効果命中率を50%、攻撃力を40%減少させる。,,2026/06/09 10:00:08,
46,P2,教師の心得,自身の最大HPとクリティカル耐性率がそれぞれ30%増加する（解除不可）。,自身の最大HPとクリティカル耐性率がそれぞれ30%増加する（解除不可）。ターン開始時2ターンの間自身のカウンタが55%増加する。このスキルは発動後4回行動終了するまで発動しない。,,,2026/06/09 10:00:08,
45,A1,雷啼の爪,ランダムな敵に6回攻撃力×520%の物理攻撃を行う。対象の腕力が自分よりも低い場合、1ターンの間物理防御力を50%減少させる。,ランダムな敵に6回攻撃力×520%の物理攻撃を行う。対象の腕力が自分よりも低い場合、1ターンの間物理防御力を50%減少させる。さらに、このスキルで敵を戦闘不能にした場合、2ターンの間自身のクリダメ強化が30%増加する。,,ランダムな敵に6回攻撃力×520%の物理攻撃を行う。対象の腕力が自分よりも低い場合、1ターンの間物理防御力を50%減少させる。さらに、このスキルで敵を戦闘不能にした場合、2ターンの間自身のクリダメ強化が60%増加する。,2026/06/07 15:31:50,4
45,A2,タルタロスの雷,HP割合が最も低い敵に5回攻撃力×480%の物理攻撃を行う。さらにこのスキルで敵を戦闘不能にできず、対象のHP割合が15%以下かつ現在HPが自身の攻撃力×1500%以下の場合、即時戦闘不能にする。,,,,2026/06/07 15:31:50,4
45,P1,魔法の言葉,2ターン目のターン開始時自身の弱体効果をすべて解除する。さらに、弱体効果解除の前に自身が弱体効果を付帯していない場合、自身に3ターンの間『弱体効果無効』を付与する。,,,,2026/06/07 15:31:50,
45,P2,制御不能の力,自身の攻撃力が40%増加する(解除不可)。さらに自身のクリティカル率が20%増加する（解除不可）。,,自身の攻撃力が40%増加する(解除不可)。さらに自身のクリティカル率が20%増加する（解除不可）。さらにバトル開始時、2ターンの間自身のスピードが20%増加する(解除不可）。,,2026/06/07 15:31:50,
114,A1,英知の標,自身に自身の現在HP×10%の自傷ダメージを与え、ランダムな敵に3回攻撃力×610%の物理攻撃を行う。さらに最後の物理攻撃の後、自身の『解析』スタック数が3以上の場合、このスキルを再発動する（1回まで）。,自身に自身の現在HP×10%の自傷ダメージを与え、ランダムな敵に4回攻撃力×610%の物理攻撃を行う。さらに最後の物理攻撃の後、自身の『解析』スタック数が3以上の場合、このスキルを再発動する（1回まで）。,,自身に自身の現在HP×10%の自傷ダメージを与え、ランダムな敵に4回攻撃力×670%の物理攻撃を行う。さらに最後の物理攻撃の後、自身の『解析』スタック数が3以上の場合、このスキルを再発動する（1回まで）。,2026/06/09 10:15:26,4
114,A2,知識の輪,自身に自身の現在HP×20％の自称ダメージを与え、ランダムな敵に5回攻撃力×760%の物理攻撃を行う。さらに対象のHP割合が高くなるほど物理攻撃のダメージが大きくなる（最大攻撃力×1520%）。ただしHP割合の判定は攻撃1回ごとに行う。,,,,2026/06/09 10:15:26,4
114,P1,理の解読者,自身か味方が自傷ダメージを受けた場合、自身に『解析』を1スタック付与する（最大6）（解除不可）。このバフは1スタックにつき自身の攻撃力を3％増加させる。さらに『解析』スタックが6になった場合、自身のスピードが30%増加する（解除不可）。,,自身か味方が自傷ダメージを受けた場合、自身に『解析』を1スタック付与する（最大6）（解除不可）。このバフは1スタックにつき自身の攻撃力を10％増加させる。さらに『解析』スタックが6になった場合、自身のスピードが30%増加する（解除不可）。,,2026/06/09 10:15:26,
114,P2,小さな友達,自身が攻撃して、攻撃後に対象が弱体効果を付帯している場合、70%の確率で対象が付帯しているバフ1つのターン数を1減少させる。さらにバトル開始時自身に1層の『多重バリア』を付与する（解除不可）。自身の最大HP×20％以上のダメージを受けると、バリアを1層消費してそのダメージを無効化する。,,,,2026/06/09 10:15:26,
113,A1,守護獣の咆哮,ランダムな敵に6回攻撃力×340%の魔法攻撃を行う。攻撃の前に自身が『優しい魔法』を付帯している場合、魔法攻撃のダメージが攻撃力×510%になる。,ランダムな敵に10回攻撃力×340%の魔法攻撃を行う。攻撃の前に自身が『優しい魔法』を付帯している場合、魔法攻撃のダメージが攻撃力×510%になる。,,,2026/06/09 10:38:58,4
113,A2,ハデスの冥雷,ランダムな敵3体に攻撃力×1320%の魔法攻撃を行う。攻撃の前に自身が『優しい魔法』を付帯している場合、魔法攻撃のダメージが攻撃力×1980%になる。攻撃後、このターン中に『多重バリア』でダメージを無効化した敵に、対象がこのターン中に『多重バリア』で無効化したダメージ×20%の直接攻撃を行う。この直接攻撃は対象の『多重バリア』を無視し、クリティカルヒットしない。,,,,2026/06/09 10:38:58,4
113,P1,世界一幸せな魔法,自身が致命的なダメージを受けた時、HP1で耐え（バトル中1回のみ）、自身の弱体効果を1つ解除して自身のHPを自身の最大HP×50％回復する。その後自身に4ターンの間『優しい魔法』を付与する（解除不可）。『優しい魔法』を付帯している場合、自身が攻撃を受けた時、ダメージを30％遮断する。さらに『優しい魔法』が解除された後に自身が受けるダメージの20％を遮断する。,,自身が致命的なダメージを受けた時、HP1で耐え（バトル中1回のみ）、自身の弱体効果を1つ解除して自身のHPを自身の最大HP×50％回復する。その後自身に4ターンの間『優しい魔法』を付与する（解除不可）。『優しい魔法』を付帯している場合、自身が攻撃を受けた時、ダメージを85％遮断する。さらに『優しい魔法』が解除された後に自身が受けるダメージの70％を遮断する。,,2026/06/09 10:38:58,
113,P2,お姉ちゃんと一緒！,バトル開始時、自身の命中率が40%増加する（解除不可）。バトル開始時自身に隣接する味方2体の攻撃力とスピードをそれぞれ10%増加させる（解除不可）。,,,バトル開始時、自身の命中率が50%増加する（解除不可）。バトル開始時自身に隣接する味方2体の攻撃力とスピードをそれぞれ10%増加させる（解除不可）。,2026/06/09 10:38:58,
111,A1,シーリングスタンプ,自身に自身の現在HP×20％の自傷ダメージを与え、ランダムな敵に5回攻撃力×210%の物理攻撃を行う。その後、70%の確率で攻撃力が最も高い敵に1ターンの間『気絶』を付与する。さらに攻撃の前に2ターンの間対象の防御力と物理防御力をそれぞれ10%減少させる。,自身に自身の現在HP×20％の自傷ダメージを与え、ランダムな敵に5回攻撃力×360%の物理攻撃を行う。その後、70%の確率で攻撃力が最も高い敵に1ターンの間『気絶』を付与する。さらに攻撃の前に2ターンの間対象の防御力と物理防御力をそれぞれ10%減少させる。,自身に自身の現在HP×20％の自傷ダメージを与え、ランダムな敵に5回攻撃力×360%の物理攻撃を行う。その後、70%の確率で攻撃力が最も高い敵1体（紅属性の編成数が5体の場合は、2体）に1ターンの間『気絶』を付与する。さらに攻撃の前に2ターンの間対象の防御力と物理防御力をそれぞれ10%減少させる。,自身に自身の現在HP×20％の自傷ダメージを与え、ランダムな敵に5回攻撃力×390%の物理攻撃を行う。その後、70%の確率で攻撃力が最も高い敵1体（紅属性の編成数が5体の場合は、2体）に1ターンの間『気絶』を付与する。さらに攻撃の前に2ターンの間対象の防御力と物理防御力をそれぞれ10%減少させる。,2026/06/09 10:52:07,4
111,A2,ペニーブラック,自身に自身の現在HP×20％の自傷ダメージを与え、ランダムな敵に5回攻撃力×320%の物理攻撃を行う。攻撃対象が付帯している弱体効果1つにつき、物理攻撃のダメージが攻撃力×140％大きくなる（最大1020%）。,,,,2026/06/09 10:52:07,4
111,P1,動き出した時間,自身の行動開始時、1ターンの間自身と自身以外の攻撃力が最も高い味方の攻撃力を自身の攻撃力×10％増加させ、弱体効果を付帯している敵1体につき増加量が10％大きくなる（最大60％）（解除不可）。,,,,2026/06/09 10:52:07,
111,P2,郵便配達員の誓い,自身か味方が自傷ダメージを受けた場合、味方全体に攻撃力が5％増加するバフを1スタック付与する（解除不可）。自傷ダメージを受けた回数1回につき1スタック増加する（最大5スタック）。さらにバトル開始時、自身に1層の『多重バリア』を付与する（解除不可）。自身の最大ＨＰ×10％以上のダメージを受けると、バリアを1層消費してそのダメージを無効化する。,,,,2026/06/09 10:52:07,
109,A1,スウィートバイト,ランダムな敵５体に攻撃力×420%の物理攻撃を行う。さらに対象に2ターンの間『出血』を付与する。毎ターン行動時に自身の攻撃力×20％のダメージを与える。,ランダムな敵５体に攻撃力×420%の物理攻撃を行う。さらに対象に2ターンの間『出血』を付与する。毎ターン行動時に自身の攻撃力×50％のダメージを与える。,,,2026/06/11 17:12:55,4
109,A2,ブラッディムーン,HP割合が低い敵3体に攻撃力×570%(対象が弱体効果を付帯していない場合は1710％)の物理攻撃を行う。,,,HP割合が低い敵3体に攻撃力×630%(対象が弱体効果を付帯していない場合は1890％)の物理攻撃を行う。,2026/06/11 17:12:55,4
109,P1,エナジードレイン,4ターン目までの毎ターン開始時、1ターンの間スピードが最も高い敵の物魔防御貫通を50%減少させる。さらに、対象のHP割合が10％以下の場合、対象に1ターンの間『気絶』を付与する。,,4ターン目までの毎ターン開始時、1ターンの間スピードが最も高い敵の物魔防御貫通を50%減少させる。さらに、対象のHP割合が10％以下の場合、対象に1ターンの間『気絶』を付与する。さらに、1ターン目のターン開始時、攻撃力が高い敵3体に4ターンの間『脱力』を付与する。付帯者のバトル中ステータスの攻撃力が40%減少する。,,2026/06/11 17:12:55,
109,P2,カーミラちゃんは最強,自身の被ダメージが75%減少する（解除不可）。,,,,2026/06/11 17:12:55,
100,A1,ラスト・リーヴァー,ランダムな敵3体に攻撃力×420%の魔法攻撃を行い、70％の確率で3ターンの間対象のクリティカル率を30%減少させる。その後70％の確率で攻撃力が最も高い敵に1ターンの間『気絶』を付与する。,ランダムな敵3体に攻撃力×420%の魔法攻撃を行い、70％の確率で3ターンの間対象のクリティカル率を30%減少させる。その後70％の確率で攻撃力が最も高い敵に2ターンの間『気絶』を付与する。,,ランダムな敵3体に攻撃力×470%の魔法攻撃を行い、70％の確率で3ターンの間対象のクリティカル率を30%減少させる。その後70％の確率で攻撃力が最も高い敵に2ターンの間『気絶』を付与する。,2026/06/11 17:21:35,5
100,A2,朽鉄の魔眼,ランダムな敵に4回攻撃力×530%の魔法攻撃を行う。さらにこのスキルを7ターン目以降に発動した場合、攻撃の前に5ターンの間攻撃力高い味方2体の攻撃力を50%増加させる。,,,,2026/06/11 17:21:35,5
100,P1,廃鉄の姉妹,バトル開始時、自身と自身に隣接する味方2体のクリティカル耐性率を15%増加させる（解除不可）。,,,,2026/06/11 17:21:35,
100,P2,戦闘用ホムンクルス,バトル開始時、自身の最大HPが100%増加する（解除不可）。さらに自身が攻撃を受けた時ダメージを50%遮断する。,,バトル開始時、自身の最大HPが100%増加する（解除不可）。さらに自身が攻撃を受けた時ダメージを50%遮断する。さらに自身が攻撃を受けて、攻撃してきた敵のスピードが自身よりも低い場合、もしくは自身がカウンタダメージを受けた場合、ダメージの遮断量が70%になる。,,2026/06/11 17:21:35,
98,A1,シャインバレット,自身のHPを最大HP×10％回復する。その後ランダムな敵3体に攻撃力×540%の物理攻撃を行う。このスキルを7ターン目以降に発動した場合、このスキルの自身のHPを回復する効果は発動せず、物理攻撃のダメージが2倍になる。,自身のHPを最大HP×10％回復する。その後ランダムな敵5体に攻撃力×540%の物理攻撃を行う。このスキルを7ターン目以降に発動した場合、このスキルの自身のHPを回復する効果は発動せず、物理攻撃のダメージが2倍になる。,,自身のHPを最大HP×10％回復する。その後ランダムな敵5体に攻撃力×590%の物理攻撃を行う。このスキルを7ターン目以降に発動した場合、このスキルの自身のHPを回復する効果は発動せず、物理攻撃のダメージが2倍になる。,2026/06/11 17:29:45,4
98,A2,リベルト・リベルタ,自身のHPを最大HP×10%回復する。その後ランダムな敵に8回攻撃力×310%の物理攻撃を行う。のスキルを7ターン目以降に発動した場合、このスキルの自身のHPを回復する効果は発動せず、物理攻撃のダメージが2倍になる。,,,,2026/06/11 17:29:45,4
98,P1,決断する勇気,自身か味方のアクティブスキルがHPを回復する効果を発動したとき、自身のHPを最大HP×5％回復する。さらに、翠属性の味方全体に攻撃力が5％増加するバフを1スタック付与する（最大15）（解除不可）。このスキルはバトル中15回のみ発動する(ギルバト・グラバトの連戦では、毎バトルごとに15回発動する）。,,,,2026/06/11 17:29:45,
98,P2,報われない想い,バトル開始時、自身の最大HPが40%増加し、被ダメージが65%減少する（解除不可）。さらに7ターン目のターン開始時、自身のスキルクールタイムカウントを０にし、自身のスピードが30%増加する（解除不可）。,,バトル開始時、自身の最大HPが100%増加し、被ダメージが65%減少する（解除不可）。さらに7ターン目のターン開始時、自身のスキルクールタイムカウントを０にし、自身のスピードが30%増加する（解除不可）。,,2026/06/11 17:29:45,
95,A1,蒼金の祝福,4ターンの間攻撃力が最も高い味方の攻撃力とクリティカル率をそれぞれ10%(7ターン目以降の発動では40%）増加させる。その後ランダムな敵5体に攻撃力×330％の魔法攻撃を行う。,4ターンの間攻撃力が最も高い味方2体の攻撃力とクリティカル率をそれぞれ10%(7ターン目以降の発動では40%）増加させる。その後ランダムな敵5体に攻撃力×330％の魔法攻撃を行う。,,4ターンの間攻撃力が最も高い味方2体の攻撃力とクリティカル率をそれぞれ10%(7ターン目以降の発動では40%）増加させる。その後ランダムな敵5体に攻撃力×360％の魔法攻撃を行う。,2026/06/11 17:37:45,4
95,A2,カエルラの閃光,ランダムな敵に5回攻撃力×240%の魔法攻撃を行う。この攻撃は『多重バリア』を付帯している敵を優先的に攻撃する。,,,,2026/06/11 17:37:45,4
95,P1,金無垢の加護,自身が攻撃を受けた時、自身のHPを被ダメージ×60%回復する。攻撃で自身が戦闘不能になった場合、このスキルは発動しない。さらにバトル開始時、自身の最大HPが80%増加する(解除不可)。,,,,2026/06/11 17:37:45,
95,P2,青い鳥の思い出,バトル開始時攻撃力が最も高い味方3体のクリティカル耐性率を30%増加させる（解除不可）。『クリティカル耐性率増加』は毎ターン開始時もしくは敵が戦闘不能になったとき、敵の生存数が4体以下の場合解除される。,,バトル開始時攻撃力が最も高い味方3体のクリティカル耐性率を60%増加させる（解除不可）。『クリティカル耐性率増加』は毎ターン開始時もしくは敵が戦闘不能になったとき、敵の生存数が4体以下の場合解除される。,,2026/06/11 17:37:45,
93,A1,アンティークショット,"ランダムな敵4体に攻撃力×260%の物理攻撃を行う。
さらに物理攻撃の前に4ターンの間対象の防御力を25%(無窮の塔の場合、50%)減少させる。
オートバトル・ボスバトルで使用した場合、『防御力減少』が解除不可になる。
","ランダムな敵5体に攻撃力×260%の物理攻撃を行う。
さらに物理攻撃の前に4ターンの間対象の防御力を25%(無窮の塔の場合、50%)減少させる。
オートバトル・ボスバトルで使用した場合、『防御力減少』が解除不可になる。",,"ランダムな敵5体に攻撃力×280%の物理攻撃を行う。
さらに物理攻撃の前に4ターンの間対象の防御力を25%(無窮の塔の場合、50%)減少させる。
オートバトル・ボスバトルで使用した場合、『防御力減少』が解除不可になる。",2026/06/12 10:15:40,4
93,A2,アストルム,"ランダムな敵に4回攻撃力×380%の物理攻撃を行う。
スキル3週目以降の場合は、「アストルム・ナタリス」を発動する。攻撃力が最も高い敵に8回攻撃力×760%の物理攻撃を行う。さらに最初の物理攻撃の前に1ターンの間自身の命中率が50%増加するようになる。",,,,2026/06/12 10:15:40,4
93,P1,暗き夜の契約,ターン開始時3ターンの間自身とスピードの最も遅い味方の通常攻撃を強化する。通常攻撃時、付帯者自身のスキルクールタイムが1減少し、弱体効果を2つ解除する。その後付帯者自身の『通常攻撃強化』を解除する。このスキルは発動後3回行動終了するまで再び発動しない。,,,,2026/06/12 10:15:40,
93,P2,頑張る姿を応援するよ,自身が攻撃を受けたとき、ダメージを70%遮断する。さらにターン開始時自身以外のスピードが最も低い味方に4ターンの間『結界』を付与する(解除不可)。このバフの付帯者が攻撃を受けたとき、ダメージを30%遮断する。『結界』を付与する効果は発動後4回行動終了するまで再び発動しない。,,自身が攻撃を受けたとき、ダメージを70%遮断する。さらにターン開始時自身以外のスピードが最も低い味方に4ターンの間『結界』を付与する(解除不可)。このバフの付帯者が攻撃を受けたとき、ダメージを45%遮断する。『結界』を付与する効果は発動後4回行動終了するまで再び発動しない。,,2026/06/12 10:15:40,
84,A1,決意のロンド,ランダムな敵2体に攻撃力×180%の魔法攻撃を行い、70%の確率で1ターンの間対象に『遅延』を付与する。毎ターン行動終了時にスキルクールタイムの減少を1遅らせ、次回のスキル発動が遅くなる。『遅延』付与の判定の後、自身のHPを自身の最大HP×10%回復する。,ランダムな敵3体に攻撃力×180%の魔法攻撃を行い、70%の確率で1ターンの間対象に『遅延』を付与する。毎ターン行動終了時にスキルクールタイムの減少を1遅らせ、次回のスキル発動が遅くなる。『遅延』付与の判定の後、自身のHPを自身の最大HP×10%回復する。,,,2026/06/12 10:28:32,4
84,A2,とっておきのおやつ,自身のHPを自身の最大HP×10%回復する。その後ランダムな敵に4回攻撃力×440%(攻撃の前にアクティブスキルで回復を受けた回数が6以上の場合は1760%）の魔法攻撃を行う。,,,自身のHPを自身の最大HP×10%回復する。その後ランダムな敵に4回攻撃力×480%(攻撃の前にアクティブスキルで回復を受けた回数が6以上の場合は1920%）の魔法攻撃を行う。,2026/06/12 10:28:32,4
84,P1,空腹ダメぜったい！,バトル開始時自身以外の味方全体の最大HPを15%増加させる(解除不可)。さらに対象が翠属性の場合、最大HPの増加量がステータス増減前の付与者自身の攻撃力×100%分大きくなる。その後自身の最大HPがステータス増減前の付与者自身の攻撃力×500%分増加する(解除不可)。,,バトル開始時自身以外の味方全体の最大HPを25%増加させる(解除不可)。さらに対象が翠属性の場合、最大HPの増加量がステータス増減前の付与者自身の攻撃力×200%分大きくなる。その後自身の最大HPがステータス増減前の付与者自身の攻撃力×500%分増加する(解除不可)。,,2026/06/12 10:28:32,
84,P2,いのちの旋律,ターン開始時4ターンの間味方全体に『再生』を付与する(解除不可)。毎ターン行動開始時に付帯者のHPを付帯者自身の最大HP×5%（対象が翠属性なら10%）回復する。このスキルは発動後4回行動終了するまで再び発動しない。,,,,2026/06/12 10:28:32,
81,A1,鏡花水月,2ターンの間味方全体のクリティカル率とクリダメ強化をそれぞれ20%増加させる。その後ランダムな敵5体に攻撃力×380%の魔法攻撃を行う。,4ターンの間味方全体のクリティカル率とクリダメ強化をそれぞれ20%増加させる。その後ランダムな敵5体に攻撃力×380%の魔法攻撃を行う。,,,2026/06/12 10:58:45,4
81,A2,胡蝶之夢,ランダムな敵5体に攻撃力×560%の魔法攻撃を行う。さらに魔法攻撃の前に対象が弱体効果を付帯している場合、魔法攻撃のダメージが1.5倍になる。,,,ランダムな敵5体に攻撃力×620%の魔法攻撃を行う。さらに魔法攻撃の前に対象が弱体効果を付帯している場合、魔法攻撃のダメージが1.5倍になる。,2026/06/12 10:58:45,4
81,P1,孤高の月,バトル開始時自身に4ターンの間『カウンタ変更』を付与する(解除不可)。カウンタダメージが自身の魔力×300%になる。『カウンタ変更』は毎ターン開始時、もしくは自身が攻撃を受けた時、自身のHP割合が100%未満の場合解除される。さらに1ターン目のターン開始時自身に4ターンの間自身の攻撃力×400%の『シールド』を付与する(解除不可)。,,バトル開始時自身に4ターンの間『カウンタ変更』を付与する(解除不可)。カウンタダメージが自身の魔力×600%（他にソーサラータイプの味方が1体以上いる場合は900%）になる。『カウンタ変更』は毎ターン開始時、もしくは自身が攻撃を受けた時、自身のHP割合が100%未満の場合解除される。さらに1ターン目のターン開始時自身に4ターンの間自身の攻撃力×1000%の『シールド』を付与する(解除不可)。,,2026/06/12 10:58:45,
81,P2,夢幻の姫,自身がアクティブスキルで弱体効果を受けたとき、70%の確率で4ターンの間弱体効果を付与してきた敵の物魔防御貫通を50%、攻撃力を20%減少させる。これらは一つの弱体効果として扱う。さらにバトル開始時、自身の被ダメージが40%減少する(解除不可)。,,,,2026/06/12 10:58:45,
80,A1,山賊狩り,ランダムな敵3体に攻撃力×450%の物理攻撃を行う。対象のタイプがスナイパーの場合、物理攻撃のダメージが1.5倍になり、必ず命中し、70％の確率で2ターンの間スピードを15%減少させる。,ランダムな敵3体に攻撃力×600%の物理攻撃を行う。対象のタイプがスナイパーの場合、物理攻撃のダメージが1.5倍になり、必ず命中し、70％の確率で2ターンの間スピードを15%減少させる。,,,2026/06/12 11:14:50,4
80,A2,復讐に生きる,ランダムな敵3体に攻撃力×640%（最大1040%)の物理攻撃を行う。このスキルを発動するまでに自身と味方が攻撃を受けた回数1回につき攻撃ダメージが攻撃力×20%大きくなる（最大940％）（複数体を対象とする攻撃を受けた自信を含む味方の数分カウントされる）。,,,ランダムな敵3体に攻撃力×700%（最大1100%)の物理攻撃を行う。このスキルを発動するまでに自身と味方が攻撃を受けた回数1回につき攻撃ダメージが攻撃力×20%大きくなる（最大940％）（複数体を対象とする攻撃を受けた自信を含む味方の数分カウントされる）。,2026/06/12 11:14:50,4
80,P1,親切な狐の子,バトル開始時自身と自身以外の攻撃力が最も高い味方に2ターンの間『ステルス』を付与する（解除不可）。自身が攻撃を受けて、HP割合が50%以下になった場合、もしくは自身が戦闘不能になったとき、自身と味方の『ステルス』を解除する。自身が攻撃を受けて、HP割合が50%以下になった場合、自身に1層の『多重バリア』を付与する（解除不可）。自身の最大HP×10%以上のダメージを受けると、バリアを1層消費してそのダメージを無効化する。このスキルは4回行動終了するまで再発動しない。,,バトル開始時自身と自身以外の攻撃力が最も高い味方に2ターンの間『ステルス』を付与する（解除不可）。自身が攻撃を受けて、HP割合が50%以下になった場合、もしくは自身が戦闘不能になったとき、自身と味方の『ステルス』を解除する。自身が攻撃を受けて、HP割合が50%以下になった場合、自身に3層の『多重バリア』を付与する（解除不可）。自身の最大HP×10%以上のダメージを受けると、バリアを1層消費してそのダメージを無効化する。このスキルは4回行動終了するまで再発動しない。,,2026/06/12 11:14:50,
80,P2,白と赤の追憶,自身以外の味方が戦闘不能になったとき、戦闘不能になった味方の数1体につき自身の攻撃力が50％（最大100％）増加する（解除不可）。,,,,2026/06/12 11:14:50,
79,A1,ナイト・ブレイク,ランダムな敵4体に攻撃力×250%の物理攻撃を行う。さらに70％の確率で対象に2ターンの間『出血』を付与する。毎ターン行動開始時に自身の攻撃力×50％のダメージを与える。,ランダムな敵5体に攻撃力×250%の物理攻撃を行う。さらに70％の確率で対象に2ターンの間『出血』を付与する。毎ターン行動開始時に自身の攻撃力×50％のダメージを与える。,,ランダムな敵5体に攻撃力×280%の物理攻撃を行う。さらに70％の確率で対象に2ターンの間『出血』を付与する。毎ターン行動開始時に自身の攻撃力×50％のダメージを与える。,2026/06/12 11:26:40,4
79,A2,クリムゾン・クロス,攻撃力が最も高い敵に5回（『守護騎士』を付帯している場合は10回）攻撃力×420%の物理攻撃を行う。,,,,2026/06/12 11:26:40,4
79,P1,守護騎士の本懐,7ターン目のターン開始時、自身に20ターン間『守護騎士』を付与する（解除不可）。自身の攻撃力がこのバフを付帯するまでに受けた自身の総被ダメージ×5％増加し（増加量の最大値はステータス増減前の自身の攻撃力×100%）、命中率が80%増加する。7ターン目のターン開始時、自身のスキルクールタイムカウントを０にする。,,,,2026/06/12 11:26:40,
79,P2,教皇の忠実なる騎士,自身が攻撃を受けた時、自身のHPを被ダメージ×20%回復する。バトル開始時の自身以外の翠属性の味方の生存数1体につきHPの回復量が20%大きくなる（最大80％）。攻撃で自身が戦闘不能になった場合、このスキルは発動しない。このスキルは1ターンに5回まで発動する。,,自身が攻撃を受けた時、自身のHPを被ダメージ×20%回復する。バトル開始時の自身以外の翠属性の味方の生存数1体につきHPの回復量が20%大きくなる（最大80％）。攻撃で自身が戦闘不能になった場合、このスキルは発動しない。このスキルは1ターンに5回まで発動する。さらに、バトル開始時6ターンの間自身のHPドレインが40%増加する（解除不可）。,,2026/06/12 11:26:40,
75,A1,狩猟用麻酔弾,正面の敵とそれに隣接する敵1体に攻撃力×880%の物理攻撃を行う。70%の確率で2ターンの間対象のクリティカル耐性率を40%減少させ、『睡眠』を付与する。これらは1つの弱体効果として扱われ、対象が攻撃を受けたとき解除される。,正面の敵とそれに隣接する敵2体に攻撃力×880%の物理攻撃を行う。70%の確率で2ターンの間対象のクリティカル耐性率を40%減少させ、『睡眠』を付与する。これらは1つの弱体効果として扱われ、対象が攻撃を受けたとき解除される。,,正面の敵とそれに隣接する敵2体に攻撃力×980%の物理攻撃を行う。70%の確率で2ターンの間対象のクリティカル耐性率を40%減少させ、『睡眠』を付与する。これらは1つの弱体効果として扱われ、対象が攻撃を受けたとき解除される。,2026/06/12 11:37:19,4
75,A2,銀の魔弾,行動阻害効果を付帯している敵が1体以上の場合に、行動阻害効果を付帯している敵全体に攻撃力×880%の物理攻撃を行う（最大5体、対象が5体より多くいる場合、そのうち5体をランダムに選択する）。この攻撃は必ず命中する。さらに対象に1ターンの間『出血』を付与する。毎ターン行動開始時に自身の攻撃力×50％のダメージを与える。発動条件を満たさない場合は通常攻撃を行う。,,行動阻害効果を付帯している敵が1体以上の場合に、行動阻害効果を付帯している敵全体に攻撃力×880%の物理攻撃を行う（最大5体、対象が5体より多くいる場合、そのうち5体をランダムに選択する）。この攻撃は必ず命中する。さらに対象に2ターンの間『出血』を付与する。毎ターン行動開始時に自身の攻撃力×50％のダメージを与える。発動条件を満たさない場合は通常攻撃を行う。,,2026/06/12 11:37:19,4
75,P1,狩人の矜持,毎ターン開始時、行動阻害効果を付帯している敵が1体以上の場合、1ターンの間自身のスピードが30％、攻撃力が60%増加する(解除不可)。さらに、毎ターン開始時行動阻害効果を付帯している敵がいない場合、自身に1ターンの間自身の攻撃力×500%の『シールド』を付与する(解除不可)。,,,,2026/06/12 11:37:19,
75,P2,魔女狩りハンター,自身の通常攻撃を強化する。通常攻撃時ランダムな敵2体に攻撃力×200%の物理攻撃を行う。さらに30%の確率で対象に1ターンの間『睡眠』を付与する。,,,,2026/06/12 11:37:19,
74,A1,黒き正義の炎,ランダムな敵4体に攻撃力×580%の物理攻撃を行う。攻撃の前に70％の確率で2ターンの間対象のクリティカル耐性率を40%減少させる。,ランダムな敵5体に攻撃力×580%の物理攻撃を行う。攻撃の前に70％の確率で2ターンの間対象のクリティカル耐性率を40%減少させる。,,,2026/06/12 11:54:38,4
74,A2,バレットストーム,ランダムな敵に4回攻撃力×880%の物理攻撃を行う。攻撃の前に自身が正義の魔女で付与した『クリティカル率増加』スタック数が20以上の場合、スタック数を0にしてバレットストームの代わりに「ブラックバレット」を発動する。ランダムな敵に4回1760％の物理攻撃を行う。この攻撃は必ずクリティカルヒットする。さらに攻撃前に対象のバフを2つ解除する(弱体効果命中の判定は1度のみ行う）。,,,ランダムな敵に4回攻撃力×980%の物理攻撃を行う。攻撃の前に自身が正義の魔女で付与した『クリティカル率増加』スタック数が20以上の場合、スタック数を0にしてバレットストームの代わりに「ブラックバレット」を発動する。ランダムな敵に4回1960％の物理攻撃を行う。この攻撃は必ずクリティカルヒットする。さらに攻撃前に対象のバフを2つ解除する(弱体効果命中の判定は1度のみ行う）。,2026/06/12 11:54:38,4
74,P1,正義の魔女,自身か味方が攻撃して、クリティカルヒットした場合、自身にクリティカル率が2％増加するバフを付与する（解除不可）。クリティカルヒットした回数1回につきスタック数が1増加する（最大40％）。,,,,2026/06/12 11:54:38,
74,P2,人類軍全権指揮官,バトル開始時自身に3層の『多重バリア』を付与する（解除不可）。自身の最大HP×20%以上のダメージを受けると、バリアを1層消費してそのダメージを無効化する。さらに、自身が攻撃してクリティカルヒットした場合、その攻撃内でクリティカルヒットした回数2回につき冥属性のうち攻撃力が最も高い味方3体に1層の『多重バリア』を付与する（最大2層）（解除不可）。自身の最大HP×10％以上のダメージを受けると、バリアを1層消費してそのダメージを無効化する。,,バトル開始時自身に3層の『多重バリア』を付与する（解除不可）。自身の最大HP×20%以上のダメージを受けると、バリアを1層消費してそのダメージを無効化する。さらに、自身が攻撃してクリティカルヒットした場合、その攻撃内でクリティカルヒットした回数2回につき冥属性のうち攻撃力が最も高い味方3体に1層の『多重バリア』を付与する（最大2層）（解除不可）。自身の最大HP×10％以上のダメージを受けると、バリアを1層消費してそのダメージを無効化する。さらに、バトル開始時自身以外の冥属性の味方全体に2層の『多重バリア』を付与する（解除不可）。自身の最大HP×20%以上のダメージを受けると、バリアを1層消費してそのダメージを無効化する。,,2026/06/12 11:54:38,
58,A1,ライフスティール,4ターンの間自身のHPドレインが40%増加し、ランダムな敵3体に攻撃力×480％の物理攻撃を行う。,4ターンの間自身のHPドレインが40%増加し、ランダムな敵5体に攻撃力×480％の物理攻撃を行う。,,,2026/06/12 12:04:39,4
58,A2,カウンターグリム,ランダムな敵3体に過去20ターンで受けた自身の総ダメージ×20％の直接攻撃を行う。,,,,2026/06/12 12:04:39,4
58,P1,不死の力,バトル開始時自身に隣接する味方2体の最大HPを自身の最大HP×20%増加させる（解除不可）。その後自身の最大HPが100%増加する(解除不可)。,,バトル開始時自身に隣接する味方2体の最大HPを自身の最大HP×50%増加させる（解除不可）。その後自身の最大HPが100%増加する(解除不可)。,,2026/06/12 12:04:39,
58,P2,遺された力,ターン開始時、2ターンの間スピードが最も低い味方のカウンタを10％（自身の場合は30%）増加させる。このスキルは発動後4回行動終了するまで再発動しない。さらに自身が攻撃を受けた時、自身のHPを被ダメージ×20%回復する（最大で自身の最大HP×10％）。攻撃で戦闘不能になった場合は発動しない。,,,ターン開始時、2ターンの間スピードが最も低い味方のカウンタを10％（自身の場合は30%）増加させる。このスキルは発動後4回行動終了するまで再発動しない。さらに自身が攻撃を受けた時、自身のHPを被ダメージ×30%回復する（最大で自身の最大HP×15％）。攻撃で戦闘不能になった場合は発動しない。,2026/06/12 12:04:39,
128,A1,ハートフェルト,自身に2回現在HP×20%の自傷ダメージを与え、ランダムな敵に5回攻撃力×660%の物理攻撃を行う。さらに攻撃の前に70％の確率で2ターンの間対象の被ダメージを10%増加させる。,自身に2回現在HP×20%の自傷ダメージを与え、ランダムな敵に5回攻撃力×660%の物理攻撃を行う。さらに攻撃の前に70％の確率で2ターンの間対象の被ダメージを10%増加させる。さらに攻撃の後に70％の確率で対象に2ターンの間『脱力』を付与する。付帯者のバトル中ステータスの攻撃力が40％減少する。,,自身に2回現在HP×20%の自傷ダメージを与え、ランダムな敵に5回攻撃力×720%の物理攻撃を行う。さらに攻撃の前に70％の確率で2ターンの間対象の被ダメージを10%増加させる。さらに攻撃の後に70％の確率で対象に2ターンの間『脱力』を付与する。付帯者のバトル中ステータスの攻撃力が40％減少する。,2026/06/15 19:08:57,4
128,A2,メルティハグ,自身に2回現在HP×20%の自傷ダメージを与え、ランダムな敵に5回攻撃力×340％の物理攻撃を行う。さらに自身がハートフルラヴァ―で付与した『攻撃力増加』スタック1つにつき、物理攻撃のダメージが攻撃力×50％大きくなる（最大攻撃力×740%）。,,,,2026/06/15 19:08:57,4
128,P1,ハートフルラヴァ―,自身か味方が自傷ダメージを老けた場合、自身と自身以外の攻撃力が高い味方2体に攻撃力が6％増加するバフを1スタック付与する(解除不可)。自傷ダメージを受けた回数1回につきスタック数が1増加する(最大8)。,,,,2026/06/15 19:08:57,
128,P2,人の心を温まる力,バトル開始時、4ターンの間自身のスピードが30%増加する（解除不可）。さらに1ターン目の自身の行動開始時、自身以外の紅属性の味方の編成数が2体以上の場合、自身に2ターンの間『気絶無効』を付与する。,,バトル開始時、4ターンの間自身のスピードが30%増加する（解除不可）。さらに1ターン目の自身の行動開始時、自身以外の紅属性の味方の編成数が2体以上の場合、自身と自身以外の攻撃力の高い味方2体に2ターンの間『気絶無効』を付与する。,,2026/06/15 19:08:57,
54,A1,徹底抗戦！,ランダムな敵5体に攻撃力×350%の魔法攻撃を行う。攻撃の前に4ターンの間対象の魔法防御力を20%減少させ、被ダメージを10％増加させる。さらに自身が付与した『クリティカル耐性率増加』を付帯している場合、自身にクリティカル耐性率が10%増加するバフを2スタック、付帯していない場合は3スタック付与する（最大10）（解除不可）。,ランダムな敵5体に攻撃力×350%の魔法攻撃を行う。攻撃の前に4ターンの間対象の魔法防御力を40%減少させ、被ダメージを20％増加させる。さらに自身が付与した『クリティカル耐性率増加』を付帯している場合、自身にクリティカル耐性率が10%増加するバフを2スタック、付帯していない場合は3スタック付与する（最大10）（解除不可）。,,,2026/06/21 15:25:39,4
54,A2,災厄の剣,ランダムな敵に7回攻撃力×170%の魔法攻撃を行う。攻撃の前に対象のHP割合が自身よりも低い場合、魔法攻撃のダメージが2倍になる。さらに攻撃の前に対象が弱体効果を付帯している場合、必ずクリティカルヒットする。さらに自身のHPをこのスキルの総与ダメージ×20％回復する。,,,ランダムな敵に7回攻撃力×200%の魔法攻撃を行う。攻撃の前に対象のHP割合が自身よりも低い場合、魔法攻撃のダメージが2倍になる。さらに攻撃の前に対象が弱体効果を付帯している場合、必ずクリティカルヒットする。さらに自身のHPをこのスキルの総与ダメージ×20％回復する。,2026/06/21 15:25:39,4
54,P1,相棒の影,自身の最大HPが30％、被ダメージが30％減少する（解除不可）。,,,,2026/06/21 15:25:39,
54,P2,魔剣の創造主,バトル開始時自身にクリティカル耐性率が10%増加するバフを8スタック付与する（最大10）（解除不可）。自身が最大HPの5％を超えるダメージの攻撃を受けた時、自身が付与した『クリティカル耐性率増加』のスタック数を1消費して、5％を超えた分のダメージを70%遮断する。,,バトル開始時自身にクリティカル耐性率が10%増加するバフを8スタック付与する（最大10）（解除不可）。自身が最大HPの5％を超えるダメージの攻撃を受けた時、自身が付与した『クリティカル耐性率増加』のスタック数を1消費して、5％を超えた分のダメージを90%遮断する。,,2026/06/21 15:25:39,
78,A1,忍法・乱れ刃,ランダムな敵に5回攻撃力×280％の物理攻撃を行う。さらに攻撃が回避された場合、10ターンの間自身の命中率が10％増加する。さらにこのスキル敵を戦闘不能にできなかった場合、10ターンの間自身のクリティカル率が10%増加する。,ランダムな敵に5回攻撃力×380％の物理攻撃を行う。さらに攻撃が回避された場合、10ターンの間自身の命中率が10％増加する。さらにこのスキル敵を戦闘不能にできなかった場合、10ターンの間自身のクリティカル率が10%増加する。,,,2026/06/21 15:39:31,4
78,A2,忍法・日影崩し,攻撃力が最も高い敵に5回攻撃力×340%の物理攻撃を行う。さらに自身が風林火山で付与した『攻撃力増加』のスタック数が6以上の場合、このスキルを1回再発動する。『攻撃力増加』のスタック数が12以上の場合は、2回再発動する。,,,攻撃力が最も高い敵に5回攻撃力×380%の物理攻撃を行う。さらに自身が風林火山で付与した『攻撃力増加』のスタック数が6以上の場合、このスキルを1回再発動する。『攻撃力増加』のスタック数が12以上の場合は、2回再発動する。,2026/06/21 15:39:31,4
78,P1,風林火山,自身の行動終了時、自身に攻撃力が5％増加するバフを1スタック付与する（最大15スタック）（解除不可）。さらに自身の行動終了時に自身が付帯しているバフの個数が4以上の場合、『攻撃力増加』の付与スタック数が2になる。バフの個数が8個以上の場合は、付与スタック数が3になる。,,,,2026/06/21 15:39:31,
78,P2,月影の従者,バトル開始時10ターンの間自身の被ダメージが15%減少する。さらにバトル開始時自身以外の黄属性の味方の生存数が1体以上の場合、10ターンの間自身の防御力が150%、物理防御力が100%増加する。これらは1つのバフとして扱う。さらに1ターン目のターン開始時自身以外の黄属性の味方の生存数が2体以上の場合、自身に10ターンの間自身の攻撃力×800%の『シールド』を付与する。,,バトル開始時10ターンの間自身の被ダメージが30%減少する。さらにバトル開始時自身以外の黄属性の味方の生存数が1体以上の場合、10ターンの間自身の防御力が150%、物理防御力が100%増加する。これらは1つのバフとして扱う。さらに1ターン目のターン開始時自身以外の黄属性の味方の生存数が2体以上の場合、自身に10ターンの間自身の攻撃力×800%の『シールド』を付与する。,,2026/06/21 15:39:31,
63,A1,神聖なる滅光,2ターンの間自身の命中率が50%増加し、ランダムな敵3体に攻撃力×800%の物理攻撃を行う。味方が付帯しているバフ1つにつき物理攻撃のダメージが攻撃力×50%大きくなる（最大1200％）。,2ターンの間自身の命中率が50%増加し、ランダムな敵5体に攻撃力×800%の物理攻撃を行う。味方が付帯しているバフ1つにつき物理攻撃のダメージが攻撃力×50%大きくなる（最大1200％）。,,,2026/06/21 15:52:53,4
63,A2,裁きの魔光,ランダムな敵3体に攻撃力×1400％の物理攻撃を行う。対象が付帯している弱体効果1つにつき物理攻撃のダメージが攻撃力×400%大きくなる（最大2200％）。,,,ランダムな敵3体に攻撃力×1600％の物理攻撃を行う。対象が付帯している弱体効果1つにつき物理攻撃のダメージが攻撃力×400%大きくなる（最大2400％）。,2026/06/21 15:52:53,4
63,P1,教皇の祝福,バトル開始時自身に防御力、物理防御力、魔法防御力が10%増加するバフを4スタック付与する（最大10）（解除不可）。自身がアクティブスキルでバフを受けた場合、このスキルで付与したバフのスタック数が4増加する。自身が最大HP×10%を超えるダメージの攻撃を受けた時、ダメージを40%遮断する。遮断する効果は発動後1回行動終了するまで再発動しない。,,バトル開始時自身に防御力、物理防御力、魔法防御力が10%増加するバフを4スタック付与する（最大10）（解除不可）。自身がアクティブスキルでバフを受けた場合、このスキルで付与したバフのスタック数が4増加する。自身が最大HP×10%を超えるダメージの攻撃を受けた時、ダメージを90%遮断する。遮断する効果は発動後1回行動終了するまで再発動しない。,,2026/06/21 15:52:53,
63,P2,救世の祈り,ターン開始時4ターンの間自身以外の味方全体の弱体効果命中率を30%増加させる。このスキルは発動後4回行動終了するまで再発動しない。,,,,2026/06/21 15:52:53,
60,A1,電撃作戦,攻撃力が高い敵2体に攻撃力×600%の物理攻撃を行う。さらにこのスキルで敵を戦闘不能にできなかった場合、このスキルを再発動する（1回まで）。,攻撃力が高い敵3体に攻撃力×600%の物理攻撃を行う。さらにこのスキルで敵を戦闘不能にできなかった場合、このスキルを再発動する（1回まで）。,,,2026/06/21 16:05:28,4
60,A2,一斉射撃,ランダムな敵に8回攻撃力×250％の物理攻撃を行う。対象のHP割合が50%以上の場合、物理攻撃のダメージが2倍になる。対象のHP割合が50%未満の場合は、必ず命中する。,,,ランダムな敵に8回攻撃力×300％の物理攻撃を行う。対象のHP割合が50%以上の場合、物理攻撃のダメージが2倍になる。対象のHP割合が50%未満の場合は、必ず命中する。,2026/06/21 16:05:28,4
60,P1,バラ・ベラム,自身のクリダメ強化が40%増加する（解除不可）。さらにターン開始時2ターンの間自身と自身以外のスピードが最も高い味方のクリティカル率を40%増加させる。このスキルは発動後4回行動終了するまで再発動しない。,,,,2026/06/21 16:05:28,
60,P2,弾性防御,ダメージを50%遮断する。自身が攻撃してクリティカルヒットした場合、その回数につき遮断の効果が2％減少する（最小30%まで減少する）。さらに毎ターン開始時、前のターンに自身が攻撃して、クリティカルヒットした場合、その回数につき自身の攻撃力が3％増加する（最大30%）（解除不可）。,,ダメージを60%遮断する。自身が攻撃してクリティカルヒットした場合、その回数につき遮断の効果が2％減少する（最小40%まで減少する）。さらに毎ターン開始時、前のターンに自身が攻撃して、クリティカルヒットした場合、その回数につき自身の攻撃力が4％増加する（最大40%）（解除不可）。,,2026/06/21 16:05:28,
65,A1,ジャミング砲弾,ランダムな敵5体に攻撃力×380％の物理攻撃を行う。70%の確率で4ターンの間対象の弱体効果命中率を50％減少させ、『バフ無効』を付与する。これらは1つの弱体効果として扱う。,ランダムな敵5体に攻撃力×480％の物理攻撃を行う。70%の確率で4ターンの間対象の弱体効果命中率を50％減少させ、『バフ無効』を付与する。これらは1つの弱体効果として扱う。,,,2026/06/21 16:16:20,4
65,A2,魔力浸透砲弾,HP割合が最も高い敵に攻撃力×680％の物理攻撃を行い、70％の確率で4ターンの間対象に『浸食』を付与する。毎ターン行動開始時にこのスキルの総与ダメージ×40％のダメージを与える。バトル中このスキルを発動するのが2回目以降の場合、物理攻撃のダメージが2倍になる。,,,HP割合が最も高い敵に攻撃力×680％の物理攻撃を行い、70％の確率で4ターンの間対象に『浸食』を付与する。毎ターン行動開始時にこのスキルの総与ダメージ×50％のダメージを与える。バトル中このスキルを発動するのが2回目以降の場合、物理攻撃のダメージが2倍になる。,2026/06/21 16:16:20,4
65,P1,砲兵部隊上級兵,自身が攻撃を受けた、HP割合が70%未満になり、味方の生存数が2体以上の場合、3ターンの間自身に『透明』を付与する（解除不可）。このスキルはバトル中1回のみ発動する。,,,,2026/06/21 16:16:20,
65,P2,高速装填装置,3ターン目のターン開始時、自身の魔力浸透砲弾のスキルクールタイムカウントを0にする。このスキルはバトル中1回のみ発動する。さらに3ターン目のターン開始時、1ターンの間自身のスピードを30%増加させる（解除不可）。,,"3ターン目のターン開始時、自身の魔力浸透砲弾のスキルクールタイムカウントを0にする。このスキルはバトル中1回のみ発動する。さらに3ターン目のターン開始時、1ターンの間自身のスピードを30%増加させる（解除不可）。
さらに、バトル開始時、自身以外のスピードが低い味方2体の最大HPを30%増加させる（解除不可）。",,2026/06/21 16:16:20,
70,A1,双剣流奥義暴れ竜！！,ランダムな敵に2回攻撃力×800%の物理攻撃を行う。自身のHP割合が低くなるほど物理攻撃のダメージが大きくなる（最大攻撃力×1800%まで）。HP割合の判定は攻撃1回ごとに行う。さらに自身のHPをこのスキルの総与ダメージ×5％回復する。,ランダムな敵に2回攻撃力×800%の物理攻撃を行う。自身のHP割合が低くなるほど物理攻撃のダメージが大きくなる（最大攻撃力×1800%まで）。HP割合の判定は攻撃1回ごとに行う。さらに自身のHPをこのスキルの総与ダメージ×15％回復する。,,,2026/06/21 16:27:29,4
70,A2,秘剣・双龍斬！！,自身のHP割合が50%未満の場合、2ターンの間攻撃力が最も高い敵の回避率を50%減少させ、『気絶』を付与する。これらは1つの弱体効果として扱う。その後その敵に対して、弱体効果付与の判定によらず、攻撃力×900%の物理攻撃を行う。自身が『決死』を付帯している場合、自身のHPをこのスキルの総与ダメージ×15%回復する。さらに自身が『決死』を付帯していない場合、物理攻撃のダメージが2倍になる。さらにこのスキル敵を戦闘不能にできなかった場合、HP回復の前に弱体効果付与と物理攻撃を再発動する（1回まで）。,,,自身のHP割合が50%未満の場合、2ターンの間攻撃力が最も高い敵の回避率を50%減少させ、『気絶』を付与する。これらは1つの弱体効果として扱う。その後その敵に対して、弱体効果付与の判定によらず、攻撃力×1000%の物理攻撃を行う。自身が『決死』を付帯している場合、自身のHPをこのスキルの総与ダメージ×15%回復する。さらに自身が『決死』を付帯していない場合、物理攻撃のダメージが2倍になる。さらにこのスキル敵を戦闘不能にできなかった場合、HP回復の前に弱体効果付与と物理攻撃を再発動する（1回まで）。,2026/06/21 16:27:29,4
70,P1,決死の覚悟,バトル開始時40ターンの間自身に『決死』を付与する。自身の攻撃力が80％増加し、毎ターン行動開始時自身に現在HP×20%の自傷ダメージを与える（自傷ダメージは付帯者の攻撃力×100%を超えない）。これらは1つのバフとして扱う。,,,,2026/06/21 16:27:29,
70,P2,私の生き様,自身の最大HPが60％増加する（解除不可）。自身が攻撃を受けた時、ダメージを10%遮断する。自身のHP割合が低いほど遮断の効果が増加する（最大40％）。,,自身の最大HPが60％増加する（解除不可）。自身が攻撃を受けた時、ダメージを20%遮断する。自身のHP割合が低いほど遮断の効果が増加する（最大80％）。,,2026/06/21 16:27:29,
102,A1,レス・ノワエ,自身の現在HP×20％の自傷ダメージを与え、ランダムな敵に3回攻撃力×330%の物理攻撃を行う。さらに攻撃の前に対象が弱体効果を1個付帯している場合、物理攻撃のダメージが攻撃力×530％になる。弱体効果の個数が2個以上の場合は、物理攻撃のダメージが攻撃力×730%になる。,自身の現在HP×20％の自傷ダメージを与え、ランダムな敵に5回攻撃力×330%の物理攻撃を行う。さらに攻撃の前に対象が弱体効果を1個付帯している場合、物理攻撃のダメージが攻撃力×530％になる。弱体効果の個数が2個以上の場合は、物理攻撃のダメージが攻撃力×730%になる。,,,2026/06/21 16:37:11,4
102,A2,革命の彩剣,自身に現在HP×20%の自傷ダメージを与え、ランダムな敵に5回攻撃力×520％の物理攻撃を行う。さらに最後の攻撃の後『彩光』を5スタック付帯している敵がいる場合、攻撃力が最も高い味方のスキルクールタイムカウントを2減少させる。この効果はバトル中1回のみ発動する（ギルドバトル・グランドバトルの連戦では、毎バトルごとに1回発動する）。,,,自身に現在HP×20%の自傷ダメージを与え、ランダムな敵に5回攻撃力×580％の物理攻撃を行う。さらに最後の攻撃の後『彩光』を5スタック付帯している敵がいる場合、攻撃力が最も高い味方のスキルクールタイムカウントを2減少させる。この効果はバトル中1回のみ発動する（ギルドバトル・グランドバトルの連戦では、毎バトルごとに1回発動する）。,2026/06/21 16:37:11,4
102,P1,魔女解放軍リーダー,バトル開始時、味方全体の攻撃力を自身の攻撃力×25%増加させる（解除不可）。さらに対象が紅属性の場合、対象のスピードを5％増加させる（解除不可）。,,バトル開始時、味方全体の攻撃力を自身の攻撃力×25%増加させる（解除不可）。さらに対象が紅属性の場合、対象のスピードを20％増加させる（解除不可）。,,2026/06/21 16:37:11,
102,P2,置き去りの愛,自身か味方が自傷ダメージを受けた場合、ランダムな敵3体に2ターンの間『彩光』を1スタック付与する（最大5）。この弱体効果1スタックにつき、付帯者の被ダメージを2％増加させる。,,,,2026/06/21 16:37:11,
76,A1,プラハーン,自身に現在HP×20％の自傷ダメージを与え、ランダムな敵に5回攻撃力×320％の魔法攻撃を行う。さらに自分が奮起する心で付与した『攻撃力増加』のスタック数が2以上の場合、自身のHPをこのスキルの総与ダメージ×10％回復する。さらに攻撃するたび50%の確率で2ターンの間対象の被回復量を20%減少させる。,自身に現在HP×20％の自傷ダメージを与え、ランダムな敵に5回攻撃力×420％の魔法攻撃を行う。さらに自分が奮起する心で付与した『攻撃力増加』のスタック数が2以上の場合、自身のHPをこのスキルの総与ダメージ×10％回復する。さらに攻撃するたび50%の確率で2ターンの間対象の被回復量を20%減少させる。,,,2026/06/22 13:09:29,4
76,A2,ボーヤルグ,自身に現在HP×20％の自傷ダメージを与え、ランダムな敵に3回攻撃力×520％の魔法攻撃を行う。さらに自身が奮起する心で付与した『攻撃力増加』のスタック数1つにつき攻撃回数が1回多くなる（最大7回）。,,,自身に現在HP×20％の自傷ダメージを与え、ランダムな敵に3回攻撃力×580％の魔法攻撃を行う。さらに自身が奮起する心で付与した『攻撃力増加』のスタック数1つにつき攻撃回数が1回多くなる（最大7回）。,2026/06/22 13:09:29,4
76,P1,奮起する心,自身か味方が自傷ダメージを受けた場合、自身に攻撃力が10%増加するバフを付与する（解除不可）。自傷ダメージを受けた回数1回につきスタック数が1増加する（最大4スタック）。さらにバトル開始時自身の物理防御力が50%増加する（解除不可）。,,,,2026/06/22 13:09:29,
76,P2,絆の力,バトル開始時自身の攻撃力を10％増加させる（解除不可）。バトル開始時の自身以外の紅属性の味方の生存数1体につき攻撃力の増加量が10％大きくなる（最大50%まで）。さらに1ターン目のターン開始時自身に6ターンの間自身の攻撃力×100%の『シールド』を付与する（解除不可）。1ターン目のターン開始時の自身以外の紅属性の味方の生存数1体につき『シールド』の大きさが自身の攻撃力×100%大きくなる（最大500%まで）。,,バトル開始時自身の攻撃力を10％増加させる（解除不可）。バトル開始時の自身以外の紅属性の味方の生存数1体につき攻撃力の増加量が10％大きくなる（最大50%まで）。さらに1ターン目のターン開始時自身に6ターンの間自身の攻撃力×200%の『シールド』を付与する（解除不可）。1ターン目のターン開始時の自身以外の紅属性の味方の生存数1体につき『シールド』の大きさが自身の攻撃力×200%大きくなる（最大1000%まで）。,,2026/06/22 13:09:29,
104,A1,トリック＆シュート,自身に現在HP×20％の自傷ダメージを与え、ランダムな敵3体に攻撃力×740％の物理攻撃を行う。さらに攻撃の前に1ターンの間対象の回避率と被回復量をそれぞれ20%（自身以外の紅属性の味方の編成数が1体以上の場合、50%）減少させる。,自身に現在HP×20％の自傷ダメージを与え、ランダムな敵5体に攻撃力×740％の物理攻撃を行う。さらに攻撃の前に1ターンの間対象の回避率と被回復量をそれぞれ20%（自身以外の紅属性の味方の編成数が1体以上の場合、50%）減少させる。,自身に現在HP×20％の自傷ダメージを与え、ランダムな敵5体に攻撃力×740％の物理攻撃を行う。さらに攻撃の前に4ターンの間対象の回避率と被回復量をそれぞれ20%（自身以外の紅属性の味方の編成数が1体以上の場合、50%）減少させる。,自身に現在HP×20％の自傷ダメージを与え、ランダムな敵5体に攻撃力×790％の物理攻撃を行う。さらに攻撃の前に4ターンの間対象の回避率と被回復量をそれぞれ20%（自身以外の紅属性の味方の編成数が1体以上の場合、50%）減少させる。,2026/06/22 13:19:19,4
104,A2,コンフェティショット,自身に現在HP×20％の自傷ダメージを与え、ランダムな敵に5回攻撃力×560％（攻撃前に自身が『笑顔の才能』を付帯している場合は1120%）の物理攻撃を行う。,,,,2026/06/22 13:19:19,4
104,P1,うちにもご注目！,バトル開始時、自身に1ターンの間『笑顔の才能』を付与する（解除不可）。このバフは自身のスピードを30%増加させる。さらに2ターン目以降の毎ターン開始時、弱体効果を付帯している敵が3体以上の場合、『笑顔の才能』を再付与する。,,,,2026/06/22 13:19:19,
104,P2,憧れの笑顔,1ターン目の自身の行動開始時、2ターンの間自身と自身以外の攻撃力の高い味方2体の攻撃力を自身の攻撃力×30%、弱体効果命中率を30％増加させる（解除不可）。,,,,2026/06/22 13:19:19,
129,A1,ソウルウィスパー,ランダムな敵3体に攻撃力×220％の物理攻撃を行い、70％の確率で4ターンの間対象の弱体効果命中を30%減少させる。,ランダムな敵5体に攻撃力×220％の物理攻撃を行い、70％の確率で4ターンの間対象の弱体効果命中を30%減少させる。,,ランダムな敵5体に攻撃力×240％の物理攻撃を行い、70％の確率で4ターンの間対象の弱体効果命中を30%減少させる。,2026/07/01 10:54:43,4
129,A2,魂剝ぎ,ランダムな敵3体に攻撃力×1320%(攻撃の前に自身が『霊痕』を付帯している場合は攻撃力×1980％）の物理攻撃を行う。,,,,2026/07/01 10:54:43,4
129,P1,堕ちた天使の神官,"自身か味方が攻撃を受けて、攻撃を受けた味方がHP割合が30%以下で生存していて、かつその味方が『霊痕』を付帯していない場合、その味方の弱体効果２つ解除し、その味方のHPを自身の攻撃力×400%回復し、その味方に『霊痕』を付与する（解除不可）。攻撃で自身が戦闘不能になった場合、このスキル弱体効果を解除してHPを回復する効果は発動しない。<br>
さらに自身が魔法攻撃を受けた時、『霊痕』を付帯している味方全体の弱体効果を1つ解除する。このスキルを7ターン目以降に発動した場合もしくは攻撃で自身が戦闘不能になった場合、このスキルの魔法攻撃を受けたとき弱体効果を解除する効果は発動しない。",,,,2026/07/01 10:54:43,
129,P2,霊魂の魔女,バトル開始時、6ターンの間自身と自身以外の攻撃力が最も高い味方の防御力と魔法防御力と魔法クリダメ緩和をそれぞれ10％増加させる（解除不可）。さらにバトル開始時、自身の被ダメージが60%減少する（解除不可）。,,バトル開始時、6ターンの間自身と自身以外の攻撃力が最も高い味方の防御力を80%、魔法防御力を40%、魔法クリダメ緩和20%を増加させる（解除不可）。さらにバトル開始時、自身の被ダメージが60%減少する（解除不可）。,,2026/07/01 10:54:43,
107,A1,ファンファーレ！,1ターンの間自身のスピードが5％減少する。その後ランダムな敵2体に攻撃力×880％(攻撃前の『笑顔喝采』のスタック数が5の場合は1320%）の物理攻撃を行う。,1ターンの間自身のスピードが5％減少する。その後ランダムな敵3体に攻撃力×880％(攻撃前の『笑顔喝采』のスタック数が5の場合は1320%）の物理攻撃を行う。,,,2026/07/01 9:56:14,4
107,A2,クイック＆スター,ランダムな敵3体に攻撃力×1080％の物理攻撃を行う。さらに攻撃の前に敵の生存数が1体の場合は、物理攻撃の回数が3回になる。,,,ランダムな敵3体に攻撃力×1180％の物理攻撃を行う。さらに攻撃の前に敵の生存数が1体の場合は、物理攻撃の回数が3回になる。,2026/07/01 9:56:14,4
107,P1,みんなの笑顔のために,自身がアクティブスキルで弱体効果を受けた時、自身に『笑顔喝采』を1スタック付与する(最大5)(解除不可)。このバフは1スタックにつき自身の攻撃力を10％増加させる。さらに受けた弱体効果が行動阻害の場合、『笑顔喝采』の付与スタック数が5になる。さらに自身の行動開始時、弱体効果を3つ解除する。,,,,2026/07/01 9:56:14,
107,P2,フランサーカス団団長,自身の被ダメージが60%減少する（解除不可）。さらに1ターン目のターン開始時、4ターンの間自身に自身の攻撃力×500%の『シールド』を付与する（解除不可）。,,"自身の被ダメージが60%減少する（解除不可）。さらに1ターン目のターン開始時、4ターンの間自身に自身の攻撃力×500%の『シールド』を付与する（解除不可）。<br>
バトル開始時、藍属性の味方全体に2層の『多重バリア』を付与する（解除不可）。自身の最大HP×10％以上のダメージを受けると、バリアを1層消費してそのダメージを無効化する。",,2026/07/01 9:56:14,
115,A1,受け継がれた心,1ターンの間自身の防御力が5％減少る。その後ランダムな敵3体に攻撃力×520％の魔法攻撃を行う。さらに攻撃の後、攻撃力が最も高い味方の弱体効果を2つ解除する。,1ターンの間自身の防御力が5％減少る。その後ランダムな敵5体に攻撃力×520％の魔法攻撃を行う。さらに攻撃の後、攻撃力が最も高い味方の弱体効果を2つ解除する。,,1ターンの間自身の防御力が5％減少る。その後ランダムな敵5体に攻撃力×580％の魔法攻撃を行う。さらに攻撃の後、攻撃力が最も高い味方の弱体効果を2つ解除する。,2026/07/01 10:06:03,4
115,A2,フォレストタイド,攻撃力が最も高い敵2体に攻撃力×1560％（攻撃の前にバトル中自身と味方がスキルで解除した弱体効果の個数の合計が5以上の場合は2340％）の魔法攻撃を行う。,,,,2026/07/01 10:06:03,4
115,P1,魔法のプレゼント,自身か味方がアクティブスキルで弱体効果を受けた時、自身と味方が付帯している弱体効果の個数の合計が5以上の場合、1ターンの間藍属性のうち攻撃力が最も高い味方の攻撃力を50%増加させる（解除不可）。その後自身の弱体効果を3つ解除する。,,自身か味方がアクティブスキルで弱体効果を受けた時、自身と味方が付帯している弱体効果の個数の合計が5以上の場合、1ターンの間藍属性のうち攻撃力が最も高い味方3体の攻撃力を50%増加させる（解除不可）。その後自身の弱体効果を3つ解除する。,,2026/07/01 10:06:03,
115,P2,森の賢者,"自身の被ダメージが70%減少する（解除不可）。<br>
さらにバトル開始時、6ターンの間自身の物理防御力が100%、物理クリダメ緩和が40%増加する（解除不可）。",,,,2026/07/01 10:06:03,
103,A1,宵闇の羽刃,"ランダムな敵3体に攻撃力×540％の物理攻撃を行い、4ターンの間対象に『脱力』を付与する。付帯者のバトル中ステータスの攻撃力が40%減少する。<br>
さらに攻撃前に4ターンの間対象の物理防御力を25%(無窮の塔では50%）減少させる。（クエストでは解除不可）。","ランダムな敵5体に攻撃力×540％の物理攻撃を行い、4ターンの間対象に『脱力』を付与する。付帯者のバトル中ステータスの攻撃力が40%減少する。<br>
さらに攻撃前に4ターンの間対象の物理防御力を25%(無窮の塔では50%）減少させる。（クエストでは解除不可）。",,"ランダムな敵5体に攻撃力×590％の物理攻撃を行い、4ターンの間対象に『脱力』を付与する。付帯者のバトル中ステータスの攻撃力が40%減少する。<br>
さらに攻撃前に4ターンの間対象の物理防御力を25%(無窮の塔では50%）減少させる。（クエストでは解除不可）。",2026/07/25 9:15:16,4
103,A2,優雅なる執事,ランダムな敵3体に攻撃力×980％（このスキルの発動が3回目以降の場合は1960%）の物理攻撃を行い、70%の確率で1ターンの間対象に『遅延』を付与する。毎ターン行動終了時にスキルクールタイムカウントの減少を1送らせ、次回のスキル発動が遅くなる。,,ランダムな敵3体に攻撃力×980％（このスキルの発動が3回目以降の場合は2450%）の物理攻撃を行い、70%の確率で1ターンの間対象に『遅延』を付与する。毎ターン行動終了時にスキルクールタイムカウントの減少を1送らせ、次回のスキル発動が遅くなる。,,2026/07/25 9:15:16,4
103,P1,百色の仮面,自身の行動開始時、自身以外の付帯してるバフの個数が最も多い味方のバフをすべて自身にコピーする。このスキルは発動後4回行動終了するまで発動しない。,,,,2026/07/25 9:15:16,
103,P2,銀貨の約束,1ターン目のターン開始時、10ターンの間自身に自身の攻撃力×800%の『シールド』を付与する（解除不可）。,,,,2026/07/25 9:15:16,
87,A1,妖狐燐火,4ターンの間攻撃力が最も高い味方の命中率を20%(バトル中このスキルの発動が3回目以降の場合は80％）増加させる。その後ランダムな敵3体に攻撃力×280％の物理攻撃を行う。,4ターンの間攻撃力が最も高い味方2体の命中率を20%(バトル中このスキルの発動が3回目以降の場合は80％）増加させる。その後ランダムな敵3体に攻撃力×280％の物理攻撃を行う。,,,2026/07/01 10:25:54,4
87,A2,狐火乱舞,"攻撃力が夫も高い敵に4階攻撃力×260%(バトル中このスキルの発動が3回目以降の場合は1040％）の物理攻撃を行う。<br>
攻撃の魔眼に4ターンの間対象の防御力と物理防御力をそれぞれ50%減少させる。",,,"攻撃力が夫も高い敵に4階攻撃力×280%(バトル中このスキルの発動が3回目以降の場合は1120％）の物理攻撃を行う。<br>
攻撃の魔眼に4ターンの間対象の防御力と物理防御力をそれぞれ50%減少させる。",2026/07/01 10:25:54,4
87,P1,サイキョーの守り神,ターン開始時攻撃力が最も高い味方に、8ターンの間ステータス増減前の対象の最大HP×30％（付与対象が黄属性の場合、『シールド』の大きさが付与者自身の攻撃力×200%大きくなる。）の『シールド』と『チビタマ人形』を3つ付与する。『チビタマ人形』は効果を持たないバフとして扱う。このスキルは発動後8回行動終了するまで再発動しない。,,ターン開始時攻撃力が最も高い味方に、8ターンの間ステータス増減前の対象の最大HP×80％（付与対象が黄属性の場合、『シールド』の大きさが付与者自身の攻撃力×600%大きくなる。）の『シールド』と『チビタマ人形』を3つ付与する。『チビタマ人形』は効果を持たないバフとして扱う。このスキルは発動後8回行動終了するまで再発動しない。,,2026/07/01 10:25:54,
87,P2,モノノケの悪戯,自身が攻撃を受けて、HP割合が70%未満になり、味方の生存数が2体以上の場合、32ターンの間自身に『透明』を付与する（解除不可）。このスキルはバトル中1回のみ発動する。,,,,2026/07/01 10:25:54,
94,A1,コールブランド,"自身に現在HP×20％の自傷ダメージを与え、ランダムな敵に3回攻撃力×480％の物理攻撃を行う。<br>
さらに攻撃対象が翠属性の場合、攻撃するたびに70％の確率で1ターンの間『気絶』を付与する。","自身に現在HP×20％の自傷ダメージを与え、ランダムな敵に6回攻撃力×480％の物理攻撃を行う。<br>
さらに攻撃対象が翠属性の場合、攻撃するたびに70％の確率で1ターンの間『気絶』を付与する。",,"自身に現在HP×20％の自傷ダメージを与え、ランダムな敵に6回攻撃力×520％の物理攻撃を行う。<br>
さらに攻撃対象が翠属性の場合、攻撃するたびに70％の確率で1ターンの間『気絶』を付与する。",2026/07/01 10:40:01,4
94,A2,キャリバーン,自身に現在HP×20％の自傷ダメージを与え、ランダムな敵に7回攻撃力×540％の物理攻撃を行う。さらに自身が奮い立つ正義で付与した『攻撃力増加』スタック1つにつき、物理攻撃のダメージが攻撃力×150%大きくなる（最大1140％）。,,,,2026/07/01 10:40:01,4
94,P1,奮い立つ正義,"自身か味方が自傷ダメージを受けた場合、自身に攻撃力が10％増加するバフを付与する（解除不可）。自傷ダメージを受けた回数1回につきスタック数が1増加する（最大4）。<br>
バトル開始時自身に1層の『多重バリア』を付与する（解除不可）。自身の最大HP×10％以上のダメージをうけると、バリアを1層消費してそのダメージを無効化する。",,,,2026/07/01 10:40:01,
94,P2,聖剣の鞘,バトル開始時、2ターンの間自身以外のスピードが最も遅い味方の攻撃力を自身の攻撃力×50％増加させる（解除不可）。,,バトル開始時、2ターンの間自身以外のスピードが最も遅い味方の攻撃力を自身の攻撃力×50％増加させる（解除不可）。さらに対象が紅属性の場合、2ターンの間対象のスピードを20％増加させる（解除不可）。,,2026/07/01 10:40:01,
72,A1,ジョバリの女王,"1ターンの間自身と自身以外の攻撃力が最も高い味方の、攻撃力とクリティカル率と命中率をそれぞれ20%増加させる（解除不可）。これらは1つのバフとして扱う。<br>
その後、攻撃力が最も高い敵に攻撃力×680%の魔法攻撃を行う。","1ターンの間自身と自身以外の攻撃力が最も高い味方の、攻撃力とクリティカル率と命中率をそれぞれ50%増加させる（解除不可）。これらは1つのバフとして扱う。<br>
その後、攻撃力が最も高い敵に攻撃力×680%の魔法攻撃を行う。",,,2026/07/03 9:50:59,4
72,A2,小さな勇気,"防御力が高い敵2体に攻撃力×340％の魔法攻撃を行う。さらに攻撃の後に自身のHP割合が50％以上の場合、防御力が低い敵2体に攻撃力×340％の魔法攻撃を行う。<br>
さらに最初の攻撃の後に自身のHP割合が50％未満の場合、2回目の魔法攻撃の代わりに自身と自身以外の攻撃力が最も高い味方ののHPを自身の攻撃力×50％(1回目の発動時は100%)回復する。",,,"防御力が高い敵2体に攻撃力×380％の魔法攻撃を行う。さらに攻撃の後に自身のHP割合が50％以上の場合、防御力が低い敵2体に攻撃力×380％の魔法攻撃を行う。<br>
さらに最初の攻撃の後に自身のHP割合が50％未満の場合、2回目の魔法攻撃の代わりに自身と自身以外の攻撃力が最も高い味方ののHPを自身の攻撃力×50％(1回目の発動時は100%)回復する。",2026/07/03 9:50:59,4
72,P1,マチルダ厳選バナナ,ターン開始時4ターンの間自身と自身以外の攻撃力が最も高い味方の、攻撃力とクリティカル率をそれぞれ10%、命中率を20%増加させる。これらは1つのバフとして扱う。このスキルは発動後4回行動終了するまで再発動しない。,,ターン開始時4ターンの間自身と自身以外の攻撃力が最も高い味方の、攻撃力とクリティカル率をそれぞれ10%、命中率を30%増加させる。これらは1つのバフとして扱う。このスキルは発動後4回行動終了するまで再発動しない。,,2026/07/03 9:50:59,
72,P2,魂繋の主従,自身が攻撃を受けた時、ダメージを10％（攻撃を受けたときに自身以外の味方の生存数が2体以上の場合は40％）遮断する。,,,,2026/07/03 9:50:59,
82,A1,迷子雷鳴,"ランダムな敵5体に攻撃力×380％の物理攻撃を行う。<br>
その後2ターンの間味方全体の防御力を10％増加させる。さらにこのスキルでクリティカルヒットした回数1回につき防御力が5％大きくなる。（最大35％）","ランダムな敵5体に攻撃力×380％の物理攻撃を行う。<br>
その後2ターンの間味方全体の防御力を10％増加させる。さらにこのスキルでクリティカルヒットした回数1回につき防御力が10％大きくなる。（最大60％）",,"ランダムな敵5体に攻撃力×420％の物理攻撃を行う。<br>
その後2ターンの間味方全体の防御力を10％増加させる。さらにこのスキルでクリティカルヒットした回数1回につき防御力が10％大きくなる。（最大60％）",2026/07/05 13:09:14,4
82,A2,あっちいけー！！,"ランダムな味方3体の弱体効果を1つ解除する。<br>
その後ランダムな敵5体に攻撃力×420%の物理攻撃を行う。さらに70%確率で3ターンの間攻撃対象の被ダメージを10％増加させる。",,,,2026/07/05 13:09:14,4
82,P1,ニーナハイタッチ,"自身がアクティブスキルで行動阻害を受けた時、2ターンの間自身と自身以外の攻撃力が最も高い味方2体の攻撃力を10％増加させる（解除不可）。さらにバフの付与の前に自身がい付帯している行動阻害のうち最も残りターン数が多いものの、ターン数1ターンにつき攻撃力の増加量が10%大きくなる（最大40%まで）<br>
その後対象の弱体効果を2つ解除する。",,,,2026/07/05 13:09:14,
82,P2,良い子の印,"1ターン目のターン開始時、もしくは自身以外の味方が戦闘不能になったとき、3ターンの間自身と自身以外の攻撃力が最も高い味方に自身の攻撃力×200%の『シールド』を付与する（解除不可）。対象がこのスキルで付与したバフを付帯している場合、効果は新しい値に上書きされる。<br>
1ターン目のターン開始時、もしくは自身以外の味方が戦闘不能になったとき、3ターンの間自身と自身以外の攻撃力が最も高い味方に攻撃力×5％増加させる（解除不可）。戦闘不能になっている味方の数1体につき、攻撃力の増加量が5％大きくなる（最大25%）。",,"1ターン目のターン開始時、もしくは自身以外の味方が戦闘不能になったとき、3ターンの間自身と自身以外の攻撃力が最も高い味方に自身の攻撃力×200%の『シールド』を付与する（解除不可）。対象がこのスキルで付与したバフを付帯している場合、効果は新しい値に上書きされる。さらに自身がこの『シールド』を付帯している間、自身が攻撃を受けたとき、ダメージを40％遮断する。<br>
1ターン目のターン開始時、もしくは自身以外の味方が戦闘不能になったとき、3ターンの間自身と自身以外の攻撃力が最も高い味方に攻撃力×5％増加させる（解除不可）。戦闘不能になっている味方の数1体につき、攻撃力の増加量が5％大きくなる（最大25%）。",,2026/07/05 13:09:14,
86,A1,エンシェントスペル,"ランダムな敵に3回（戦闘不能になっている味方の数1体につき攻撃回数が1回増加｜最大7回まで）攻撃力×240％の物理攻撃を行う。<br>
攻撃の前に自身が『制限解除』を付帯している場合、戦闘不能の味方の数に関わらず攻撃回数が7回になる。","ランダムな敵に3回（戦闘不能になっている味方の数1体につき攻撃回数が1回増加｜最大7回まで）攻撃力×440％の物理攻撃を行う。<br>
攻撃の前に自身が『制限解除』を付帯している場合、戦闘不能の味方の数に関わらず攻撃回数が7回になる。",,"ランダムな敵に3回（戦闘不能になっている味方の数1体につき攻撃回数が1回増加｜最大7回まで）攻撃力×480％の物理攻撃を行う。<br>
c撃回数が7回になる。",2026/07/15 9:44:49,4
86,A2,ミスティックコード,"ランダムな敵3体に攻撃力×480%（戦闘不能になっている味方の数1体につき攻撃力×200%増加｜最大1280％まで）の物理攻撃を行う。<br>
攻撃の前に自身が『制限解除』を付帯している場合、戦闘不能の味方の数に関わらず攻撃のダメージが攻撃力×1280％になる。",,,,2026/07/15 9:44:49,4
86,P1,ロストテクノロジー,"自身が敵からバフ解除もしくはバフダッシュされたとき、6ターンの間味方全体の命中率を30%増加させる。その後自身に『制限解除』を付与する（解除不可）。このバフは自身の攻撃力を30％増加させる。<br>
さらにバトル開始時6ターンの間自身の命中率が10%増加する。",,"自身が敵からバフ解除もしくはバフダッシュされたとき、6ターンの間味方全体の命中率を50%増加させる。その後自身に『制限解除』を付与する（解除不可）。このバフは自身の攻撃力を30％増加させる。<br>
さらにバトル開始時6ターンの間自身の命中率が10%増加する。",,2026/07/15 9:44:49,
86,P2,人見知りな努力家,"1ターン目のターン開始時に6ターンの間自身の攻撃力×800%の『シールド』を付与する（解除不可）。<br>
さらにバトル中に自身が攻撃を受けた回数が5回、10回、15回、20回になった場合、このスキルで付与した『シールド』を再付与する。再付与は3ターン目以降は発動しない。",,,,2026/07/15 9:44:49,
59,A1,花雷,"4ターンの間攻撃力が最も高い味方2体の命中率を25%増加させ、回避率を25%減少させる。これらは1つのバフとして扱う。<br>
その後ランダムな敵に4回攻撃力×330%の物理攻撃を行う。","4ターンの間攻撃力が最も高い味方2体の命中率を50%増加させ、回避率を50%減少させる。これらは1つのバフとして扱う。<br>
その後ランダムな敵に4回攻撃力×330%の物理攻撃を行う。",,"4ターンの間攻撃力が最も高い味方2体の命中率を50%増加させ、回避率を50%減少させる。これらは1つのバフとして扱う。<br>
その後ランダムな敵に5回攻撃力×330%の物理攻撃を行う。",2026/07/15 9:54:06,4
59,A2,スターマイン,"ランダムな敵5体に攻撃力×300%の物理攻撃を行う。さらに自身が付帯しているバフの個数が1以上の場合、物理攻撃のダメージが1.5倍になる。<br>
さらにHP割合が最も低い味方のHPをこのスキルの総与ダメージ×30％回復する。",,,,2026/07/15 9:54:06,4
59,P1,お祭り騒ぎ,ターン開始時2ターンの間攻撃力が最も高い味方の攻撃力を自身の攻撃力×60％増加させる。このスキルは発動後4回行動するまで再発動しない。,,ターン開始時2ターンの間攻撃力が最も高い味方2体の攻撃力を自身の攻撃力×60％増加させる。このスキルは発動後4回行動するまで再発動しない。,,2026/07/15 9:54:06,
59,P2,拍手喝采,自身が攻撃するか攻撃を受けるたび、1ターンの間自身の防御力と魔法防御力がそれぞれ10％増加する（最大10スタック、100%まで）（解除不可）。,,,,2026/07/15 9:54:06,
57,A1,レストインパラダイス,"ランダムな敵3体に攻撃力×330%の魔法攻撃を行う。<br>
さらに4ターンの間対象に『毒』を付与する。毎ターン行動開始時に付帯者の現在HP×3％のダメージを与える。『毒』付与の判定後、『毒』を付帯している敵のうち攻撃力が最も高い敵の攻撃力を15%吸収し、2ターンの間自身に加える。","ランダムな敵4体に攻撃力×330%の魔法攻撃を行う。<br>
さらに4ターンの間対象に『毒』を付与する。毎ターン行動開始時に付帯者の現在HP×3％のダメージを与える。『毒』付与の判定後、『毒』を付帯している敵のうち攻撃力が最も高い敵の攻撃力を15%吸収し、2ターンの間自身に加える。","ランダムな敵3体に攻撃力×330%の魔法攻撃を行う。<br>
さらに4ターンの間対象に『毒』を付与する。毎ターン行動開始時に付帯者の現在HP×3％のダメージを与える。『毒』付与の判定後、『毒』を付帯している敵のうち攻撃力が最も高い敵の攻撃力を30%吸収し、2ターンの間自身に加える。","ランダムな敵3体に攻撃力×330%の魔法攻撃を行う。<br>
さらに4ターンの間対象に『毒』を付与する。毎ターン行動開始時に付帯者の現在HP×5％のダメージを与える。『毒』付与の判定後、『毒』を付帯している敵のうち攻撃力が最も高い敵の攻撃力を30%吸収し、2ターンの間自身に加える。",2026/07/15 10:04:21,4
57,A2,水底の幽かな声,ランダムな敵に4回（『毒』を付帯している敵1体につき攻撃回数が1回増加｜最大9回）攻撃力×230％の魔法攻撃を行う。,,,,2026/07/15 10:04:21,4
57,P1,それが墓守の仕事,自身が攻撃を受けたとき、ダメージを50％遮断する。攻撃してきた敵が『毒』を付帯している場合、もしくはカウンタダメージが受けた時は遮断の効果が75%になる。,,,,2026/07/15 10:04:21,
57,P2,ライラの守り,毎ターン開始時、自身の攻撃力が5％増加する（最大100%まで）（解除不可）。『毒』を付帯している敵1体につき増加量が5％増加する。,,,,2026/07/15 10:04:21,
56,A1,蒼穹のテンペスト,"ランダムな敵4体に攻撃力×350%の物理攻撃を行う。攻撃対象のうちHP割合が最も高い敵に2ターンの間『気絶』を付与する。<br>
さらに攻撃前に4ターンの間対象のクリティカル耐性率を40%減少させる。","ランダムな敵5体に攻撃力×350%の物理攻撃を行う。攻撃対象のうちHP割合が最も高い敵に2ターンの間『気絶』を付与する。<br>
さらに攻撃前に4ターンの間対象のクリティカル耐性率を40%減少させる。",,"ランダムな敵5体に攻撃力×400%の物理攻撃を行う。攻撃対象のうちHP割合が最も高い敵に2ターンの間『気絶』を付与する。<br>
さらに攻撃前に4ターンの間対象のクリティカル耐性率を40%減少させる。",2026/07/15 10:14:25,4
56,A2,群青のレクイエム,ランダムな敵に5回（このスキルで敵を戦闘不能にするたび追加の攻撃回数が1回増加｜追加の回数は最大5回）攻撃力×600%物理攻撃を行う。クリティカルヒットした場合、以降の連撃は必ずクリティカルヒットする。クリティカルヒットが4回以上発生した場合、連撃の対象のうちHP割合が最も低い敵のバフを2つ解除し、攻撃力×400%の物理攻撃を行う。,,ランダムな敵に7回（このスキルで敵を戦闘不能にするたび追加の攻撃回数が1回増加｜追加の回数は最大5回）攻撃力×600%物理攻撃を行う。クリティカルヒットした場合、以降の連撃は必ずクリティカルヒットする。クリティカルヒットが4回以上発生した場合、連撃の対象のうちHP割合が最も低い敵のバフを2つ解除し、攻撃力×400%の物理攻撃を行う。,,2026/07/15 10:14:25,4
56,P1,涼風の軍神,"自身が戦闘不能になったとき、100%の確率で攻撃してきた敵に1ターンの間『気絶』を付与する。弱体効果によって戦闘不能になった場合は、このスキルは発動しない。<br>
さらにバトル開始時、自身の命中率が40%増加する（解除不可）。",,,,2026/07/15 10:14:25,
56,P2,夢翔の願い,自身の最大HPが40%、防御力が100%増加する（解除不可）。,,,,2026/07/15 10:14:25,
83,A1,ライサンダー,"ランダムな敵4体に攻撃力×360％（バトル中このスキルを発動するのが3回目以降の場合540%）の物理攻撃を行う。<br>
さらに攻撃の前に2ターン（クエストでは4ターン）の間対象の物理防御力を25%(無窮の塔では50%)減少させる。","ランダムな敵5体に攻撃力×360％（バトル中このスキルを発動するのが3回目以降の場合540%）の物理攻撃を行う。<br>
さらに攻撃の前に2ターン（クエストでは4ターン）の間対象の物理防御力を25%(無窮の塔では50%)減少させる。",,,2026/07/15 10:29:36,4
83,A2,星によりて幕は上がる,"攻撃力が最も高い敵に4回攻撃力×520％の物理攻撃を行う。バトル中このスキルを発動するのが3回目以降の場合、最初の物理攻撃と追加攻撃のダメージがそれぞれ攻撃力×780％になる。<br>
攻撃するたび50%（自身のHP割合が50%以下の場合は100%）の確率で同倍率の追加攻撃を行う（最大4回まで）。",,,"攻撃力が最も高い敵に4回攻撃力×580％の物理攻撃を行う。バトル中このスキルを発動するのが3回目以降の場合、最初の物理攻撃と追加攻撃のダメージがそれぞれ攻撃力×870％になる。<br>
攻撃するたび50%（自身のHP割合が50%以下の場合は100%）の確率で同倍率の追加攻撃を行う（最大4回まで）。",2026/07/15 10:29:36,4
83,P1,二つの剣、一つの誓い,毎ターン開始時、自身に攻撃力が5％増加するバフを1スタック付与する（最大20スタックまで）（解除不可）。,,,,2026/07/15 10:29:36,
83,P2,王たる者の覚悟,"自身が致命的なダメージを受けた時、HP1で耐える。その後10ターンの間自身に『王の覚悟』を付与する（解除不可）。このバフは自身の攻撃力を90％減少させ、『不死身』の効果を持つ。HP1で耐える効果と『王の覚悟』の付与は、発動後8回行動終了するまで再発動せず、17ターン目以降は発動しない。自身が攻撃を受けて、自身のHPが1の場合、自身が付帯している『王の覚悟』のターン数が1減少して、自身のHPを最大HP×10％回復する。<br>
『王の覚悟』の付与を7ターン目以降に発動した場合、攻撃力は減少せずに『不死身』の効果のみ持つようになる。",,"自身が致命的なダメージを受けた時、HP1で耐える。その後10ターンの間自身に『王の覚悟』を付与する（解除不可）。このバフは自身の攻撃力を90％減少させ、『不死身』の効果を持つ。HP1で耐える効果と『王の覚悟』の付与は、発動後4回行動終了するまで再発動せず、33ターン目以降は発動しない。自身が攻撃を受けて、自身のHPが1の場合、自身が付帯している『王の覚悟』のターン数が1減少して、自身のHPを最大HP×10％回復する。<br>
『王の覚悟』の付与を7ターン目以降に発動した場合、攻撃力は減少せずに『不死身』の効果のみ持つようになる。",,2026/07/15 10:29:36,
130,A1,湖畔のメロディ,"自身と自身以外の攻撃力が最も高い味方に１ターンの間『金縛り』を付与する。このスキルで『金縛り』を付与する際、弱体効果命中率と耐性率を無視する。<br>
その後ランダムな敵3体に攻撃力×680％の物理攻撃を行う。","自身と自身以外の攻撃力が最も高い味方に１ターンの間『金縛り』を付与する。このスキルで『金縛り』を付与する際、弱体効果命中率と耐性率を無視する。<br>
その後ランダムな敵5体に攻撃力×680％の物理攻撃を行う。",,,2026/07/21 12:56:04,4
130,A2,コトリ行進曲,ランダムな敵に３回（最初の物理攻撃の前に場バトル中自身と味方がスキルで解除した弱体効果の個数の合計が１０以上の場合は、５回）攻撃力×850％の物理攻撃を行う。,,,ランダムな敵に３回（最初の物理攻撃の前に場バトル中自身と味方がスキルで解除した弱体効果の個数の合計が１０以上の場合は、５回）攻撃力×940％の物理攻撃を行う。,2026/07/21 12:56:04,4
130,P1,奇跡の歌姫,自身がアクティブスキルで弱体効果を受けた時、自身の弱体効果を１つ解除し、自身に『至高の旋律』を１スタック付与する（最大１０）（解除不可）。このバフは１スタックにつき自身の攻撃力を５％増加させる。,,,,2026/07/21 12:56:04,
130,P2,歌姫の心音,"自身の被ダメージが30％減少する（解除不可）。<br>
さらにバトル開始時6ターンの間自身の防御力が90%（自身以外の藍属性または天属性の味方の編成数が2体以上の場合は150%）増加する。",,"自身の被ダメージが70％減少する（解除不可）。<br>
さらにバトル開始時6ターンの間自身の防御力が90%（自身以外の藍属性または天属性の味方の編成数が2体以上の場合は150%）増加する。",,2026/07/21 12:56:04,
106,A1,泡沫の祈り,"4ターンの間攻撃力が最も高い味方の攻撃力と命中率をそれぞれ20%増加させる（解除不可）。これらは1つのバフとして扱う。<br>
その後ランダムな敵3体に攻撃力×560%の魔法攻撃を行う。","4ターンの間攻撃力が最も高い味方3体の攻撃力と命中率をそれぞれ20%増加させる（解除不可）。これらは1つのバフとして扱う。<br>
その後ランダムな敵3体に攻撃力×560%の魔法攻撃を行う。",,"4ターンの間攻撃力が最も高い味方3体の攻撃力と命中率をそれぞれ20%増加させる（解除不可）。これらは1つのバフとして扱う。<br>
その後ランダムな敵3体に攻撃力×620%の魔法攻撃を行う。",2026/07/21 13:03:32,4
106,A2,改悔の泡,ランダムな敵3体に攻撃力×760%（攻撃前に対象が弱体効果を付帯している場合は1140%）の魔法攻撃を行う。,,,,2026/07/21 13:03:32,4
106,P1,泡沫の魔女,敵が攻撃して、攻撃で自身が戦闘不能にならなかった場合、攻撃を行った敵に2ターンの間『泡沫』を1スタック付与する（最大5スタック）。この弱体効果は1スタックにつき付帯者の防御貫通を10％減少させる。『泡沫』のスタック数が5になった場合、『泡沫』を解除し、1ターンの間『気絶』を付与する。このスキルは3反目以降は発動しない。,,,,2026/07/21 13:03:32,
106,P2,淀んだ泡,バトル開始時、6ターンの間自身の被ダメージが75%減少する（解除不可）。,,バトル開始時、6ターンの間自身の被ダメージが75%減少する（解除不可）。さらに7ターン目のターン開始時、自身の被ダメージが50%減少する（解除不可）。,,2026/07/21 13:03:32,
131,A1,お手伝いするねっ！,"ランダムな敵3体に攻撃力×530%の物理攻撃を行う。<br>
さらに攻撃の前に4ターンの間攻撃力が高い味方2体のクリティカル率とクリダメをそれぞれ15%(クエストでは30%)増加させる。","ランダムな敵5体に攻撃力×530%の物理攻撃を行う。<br>
さらに攻撃の前に4ターンの間攻撃力が高い味方2体のクリティカル率とクリダメをそれぞれ15%(クエストでは30%)増加させる。",,"ランダムな敵5体に攻撃力×580%の物理攻撃を行う。<br>
さらに攻撃の前に4ターンの間攻撃力が高い味方2体のクリティカル率とクリダメをそれぞれ15%(クエストでは30%)増加させる。",2026/07/28 20:21:02,4
131,A2,アンと一緒！,ランダムな敵5回攻撃力×640%の物理攻撃を行う。さらにこのスキルを9ターン目以降に発動した場合、付帯しているバフの個数が最も多い味方のバフ1つにつき、物理攻撃のダメージが攻撃力×30％大きくなる（最大940%まで）。,,,,2026/07/28 20:21:02,4
131,P1,幸せの魔法,ターン開始時、4ターンの間攻撃力が最も高い味方の攻撃力を10％(9ターン目以降に発動またはクエストでは50%）増加せる。このスキルは発動後4回行動終了するまで再発動しない。,,ターン開始時、4ターンの間攻撃力が最も高い味方2体の攻撃力を10％(9ターン目以降に発動またはクエストでは50%）増加せる。このスキルは発動後4回行動終了するまで再発動しない。,,2026/07/28 20:21:02,
131,P2,心からの笑顔,"自身の行動開始時、自身と自身以外の攻撃力が高い味方2体に、4ターンの間付帯者の防御力×50％増加させるバフを3つ付与する。これらはそれぞれ別のバフとして扱う。このスキルは発動後4回行動終了するまで再発動しない。<br>
さらにバトル開始時、自身の被ダメージが75%減少する（解除不可）。",,,,2026/07/28 20:21:02,
90,A1,キャロットマジック,ランダムな敵2体に攻撃力×180％の魔法攻撃を行い、70％の確率で2ターンの間対象に『バッテン』を付与する。この弱体効果は付帯者の与ダメージを10％減少させる。,ランダムな敵3体に攻撃力×180％の魔法攻撃を行い、70％の確率で2ターンの間対象に『バッテン』を付与する。この弱体効果は付帯者の与ダメージを10％減少させる。,,,2026/08/05 13:11:56,4
90,A2,ユリーカのペース,ランダムな敵3体に攻撃力×440%（対象が『バッテン』を付帯している場合は1760％）の魔法攻撃を行う。さらに対象が『バッテン』を付帯している場合、,,,ランダムな敵3体に攻撃力×480%（対象が『バッテン』を付帯している場合は1920％）の魔法攻撃を行う。さらに対象が『バッテン』を付帯している場合、,2026/08/05 13:11:56,4
90,P1,新天地目指して,自身がアクティブスキルで弱体効果を受けたとき、70%の確率で2ターンの間ランダムな敵3体（受けた弱体効果が行動阻害の場合は5体）に『バッテン』を付与する。さらに自身と自身以外の攻撃力が高い味方2体の弱体効果を1つ解除する。,,"自身がアクティブスキルで弱体効果を受けたとき、70%の確率で2ターンの間ランダムな敵3体（受けた弱体効果が行動阻害の場合は5体）に『バッテン』を付与する。さらに自身と自身以外の攻撃力が高い味方2体の弱体効果を1つ解除する。<br>
バトル開始時、自身に1層の『多重バリア』を付与する（解除不可）。ダメージを受けるとバリアを1層消費してそのダメージを無効化する。",,2026/08/05 13:11:56,
90,P2,のんびり冒険家,"自身が戦闘不能になったとき、4ターンの間自身以外の攻撃力が最も高い味方に、ステータス増減前の自身の攻撃力×150%（『バッテン』を付帯している敵1体につき150%大きくなる｜最大900％）の『シールド』を付与する（解除不可）。<br>
さらに『シールド』付与の対象が藍属性の場合、対象の攻撃力を50%増加させる（解除不可）。",,,,2026/08/05 13:11:56,
89,A1,フラワーギフト,"ランダムな敵3体に攻撃力×380％の物理攻撃を行う。このスキルを再発動する（1回まで）。<br>
さらに攻撃の前に『心に咲く花』のスタック数が5以上の場合は、再発動の回数が2回までになり、最後の攻撃後に自身の『心に咲く花』のスタック数を5消費する。","ランダムな敵3体に攻撃力×680％の物理攻撃を行う。このスキルを再発動する（1回まで）。<br>
さらに攻撃の前に『心に咲く花』のスタック数が5以上の場合は、再発動の回数が2回までになり、最後の攻撃後に自身の『心に咲く花』のスタック数を5消費する。",,,2026/08/05 13:22:45,4
89,A2,花束をあなたに,"攻撃力が高い敵3体に攻撃力×1320％の物理攻撃を行い、対象に2ターンの間『毒』を付与する。毎ターン行動開始時に付帯者の現在HP×4％のダメージを与える。<br>
攻撃の前に自身の『心に咲く花』のスタック数が5以上の場合、物理攻撃のダメージが攻撃力×1980％になり、攻撃後に自身の『心に咲く花』のスタック数を5消費する。",,,"攻撃力が高い敵3体に攻撃力×1320％の物理攻撃を行い、対象に2ターンの間『毒』を付与する。毎ターン行動開始時に付帯者の現在HP×5％のダメージを与える。<br>
攻撃の前に自身の『心に咲く花』のスタック数が5以上の場合、物理攻撃のダメージが攻撃力×1980％になり、攻撃後に自身の『心に咲く花』のスタック数を5消費する。",2026/08/05 13:22:45,4
89,P1,消えない過去,"毎ターン開始時、1ターンの間自身と攻撃力が高い敵3体に『劇化』を付与する（解除不可）。自身の受ける持続ダメージが100%増加し、攻撃力が高い敵3体の受ける持続ダメージが50%増加する。<br>
バトル開始時自身の命中率が50%増加する（解除不可）。さらに味方全体の攻撃力と最大HPがそれぞれ10%増加する（解除不可）。",,"毎ターン開始時、1ターンの間自身と攻撃力が高い敵3体に『劇化』を付与する（解除不可）。自身の受ける持続ダメージが100%増加し、攻撃力が高い敵3体の受ける持続ダメージが50%増加する。<br>
バトル開始時自身の命中率が50%増加する（解除不可）。さらに味方全体の攻撃力と最大HPがそれぞれ10%増加する（解除不可）。<br>
バトル開始時、自身に3層の『多重バリア』を付与する（解除不可）。ダメージを受けると、バリアを1層消費してそのダメージを無効化する。",,2026/08/05 13:22:45,
89,P2,心に咲く花,自身が攻撃を受けたとき、ダメージを80%遮断する。さらに自身が攻撃をうけたとき、自身に『心に咲く花』を1スタック付与する（最大10スタック）（解除不可）。このバフは1スタックにつき自身の防御貫通を3％増加させる。,,,,2026/08/05 13:22:45,
132,A1,一閃光斬,"HP割合が最も低い味方のHPを自身の攻撃力×15％回復する。<br>
その後ランダムな敵に2回攻撃力×890％の物理攻撃を行う。このスキルを7ターン目以降に発動した場合、このスキルの味方のHPを回復する効果は発動せず、物理攻撃のダメージが攻撃力×1780％になる。","HP割合が最も低い味方のHPを自身の攻撃力×15％回復する。<br>
その後ランダムな敵に3回攻撃力×890％の物理攻撃を行う。このスキルを7ターン目以降に発動した場合、このスキルの味方のHPを回復する効果は発動せず、物理攻撃のダメージが攻撃力×1780％になる。",,"HP割合が最も低い味方のHPを自身の攻撃力×15％回復する。<br>
その後ランダムな敵に3回攻撃力×980％の物理攻撃を行う。このスキルを7ターン目以降に発動した場合、このスキルの味方のHPを回復する効果は発動せず、物理攻撃のダメージが攻撃力×1960％になる。",2026/08/14 9:43:31,4
132,A2,夕空光散,自身が『黄昏の誓い』を付帯している場合に発動。ランダムな敵に6回攻撃力×1050％の物理攻撃を行う。さらにクリティカルヒットするたびに攻撃回数が1回多くなる（合計で最大10回まで）。,,,,2026/08/14 9:43:31,4
132,P1,夕陽色の絆,"自身か味方がアクティブスキルでHPを回復する効果を発動したとき、自身に攻撃力とクリティカル率がそれぞれ6％増加するバフを1スタック付与する（最大10スタックまで）（解除不可）。7ターン目以降の毎ターン開始時時、このスキルで付与したスタック数が10以上の場合、自身に『黄昏の誓い』を付与する（解除不可）。<br>
さらにバトル開始時、10ターンの間自身の防御力と物理防御力がそれぞれ100%増加する。",,,,2026/08/14 9:43:31,
132,P2,黄昏の騎士,"バトル開始時、10ターンの間自身の通常攻撃を強化する。通常攻撃時、ランダムな敵5体に攻撃力×390％の物理攻撃を行い、その後HP割合が低い味方3体のHPを対象の最大HP×10%回復する。さらにHP回復の前にHP回復対象のHP割合が50%以上で行動阻害を付帯している場合、対象の行動阻害をすべて解除する。<br>
バトル開始時、さらに自身の被ダメージが10%減少し、最大HPが20%増加する（解除不可）。<br>",,"バトル開始時、10ターンの間自身の通常攻撃を強化する。通常攻撃時、ランダムな敵5体に攻撃力×390％の物理攻撃を行い、その後HP割合が低い味方3体のHPを対象の最大HP×10%回復する。さらにHP回復の前にHP回復対象のHP割合が50%以上で行動阻害を付帯している場合、対象の行動阻害をすべて解除する。<br>
バトル開始時、さらに自身の被ダメージが40%減少し、最大HPが100%増加する（解除不可）。<br>",,2026/08/14 9:43:31,
133,A1,光剣の祈り,3ターンの間自身と、自身よりもスピードが高い味方全体の防御力を自身の防御力×25％、物理防御力を自身の物理防御力×25%、魔法防御力を自身の魔法防御力×25%増加させる（解除不可）。その後ランダムな敵5体に攻撃力×480％の物理攻撃を行う。,3ターンの間自身と、自身よりもスピードが高い味方全体の防御力を自身の防御力×50％、物理防御力を自身の物理防御力×50%、魔法防御力を自身の魔法防御力×50%増加させる（解除不可）。その後ランダムな敵5体に攻撃力×480％の物理攻撃を行う。,,,2026/09/01 14:26:32,4
133,A2,天秤の采配,ランダムな敵に5回攻撃力×560%の物理攻撃を行う。さらに最後の攻撃の後、自身のHPをこのスキルの総与ダメージ×20％回復する。,,,ランダムな敵に5回攻撃力×610%の物理攻撃を行う。さらに最後の攻撃の後、自身のHPをこのスキルの総与ダメージ×20％回復する。,2026/09/01 14:26:32,4
133,P1,夕陽色の約束,バトル開始時、味方編成内の属性が2種類以下の場合、味方全体のスピードを10％増加させる解除不可）。さらに2ターン目のターン開始時、3ターンの間自身と自身以外の攻撃力が高い味方2体の攻撃力を、自身の攻撃力×30％増加させる（解除不可）。,,"バトル開始時、味方編成内の属性が2種類以下の場合、味方全体のスピードを10％増加させる解除不可）。さらに2ターン目のターン開始時、3ターンの間自身と自身以外の攻撃力が高い味方2体の攻撃力を、自身の攻撃力×30％増加させる（解除不可）。<br>
バトル開始時、自身の2層の『多重バリア』を付与する（解除不可）。自身の最大HPの10％以上のダメージを受けると、バリアを1層消費してそのダメージを無効化する。",,2026/09/01 14:26:32,
133,P2,黄昏の聖女,1ターン目の自身の行動開始時、自身に3ターンの間『献身』を付与する（解除不可）。自身以外の味方が受けるダメージ×50％を自身が代わりに受けるようになる。自身がこのスキルで付与した『献身』を付帯している間、自身攻撃を受けたとき、ダメージを65%遮断する。,,,,2026/09/01 14:26:32,