キャラクターID,専用武器名,専用武器種別,通常固有値,通常パッシブ1,通常パッシブ2,通常パッシブ3,アスタロト固有値,アスタロトパッシブ1,アスタロトパッシブ2,アスタロトパッシブ3,ミカエル固有値,ミカエルパッシブ1,ミカエルパッシブ2,ミカエルパッシブ3,メタトロン固有値,メタトロンパッシブ1,メタトロンパッシブ2,メタトロンパッシブ3,更新日時
127,オムニラディクス,,,未設定,未設定,未設定,529560,攻撃力(%)+15%,弱体効果耐性(%)+8%,命中(%)+8%,794343,攻撃力(%)+16%,弱体効果耐性(%)+9%,命中(%)+9%,953210,攻撃力(%)+18%,弱体効果耐性(%)+10%,命中(%)+10%,2026/06/09 9:34:14
126,レーヴェン・カンテラ,,,未設定,未設定,未設定,529560,攻撃力(%)+15%,HP(%)+18%,弱体効果耐性(%)+8%,794343,攻撃力(%)+16%,HP(%)+20%,弱体効果耐性(%)+9%,953210,攻撃力(%)+18%,HP(%)+22%,弱体効果耐性(%)+10%,2026/06/09 9:34:29
125,贖罪の徒花,,,未設定,未設定,未設定,529560,魔力(%)+7%,攻撃力(%)+15%,弱体効果命中(%)+8%,794343,魔力(%)+7.5%,攻撃力(%)+16%,弱体効果命中(%)+9%,953210,魔力(%)+8%,攻撃力(%)+18%,弱体効果命中(%)+10%,2026/06/09 9:38:53
124,追想の鉄塊,,,未設定,未設定,未設定,529560,耐久力(%)+7%,攻撃力(%)+15%,命中(%)+8%,794343,耐久力(%)+7.5%,攻撃力(%)+16%,命中(%)+9%,953210,耐久力(%)+8%,攻撃力(%)+18%,命中(%)+10%,2026/06/09 9:35:08
123,ワンダリング・バニー,,,未設定,未設定,未設定,529560,攻撃力(%)+15%,弱体効果命中(%)+8%,弱体効果耐性(%)+8%,794343,攻撃力(%)+16%,弱体効果命中(%)+9%,弱体効果耐性(%)+9%,953210,攻撃力(%)+18%,弱体効果命中(%)+10%,弱体効果耐性(%)+10%,2026/06/09 9:42:13
122,ディア・フェアレディ,,,未設定,未設定,未設定,529560,攻撃力(%)+15%,命中(%)+8%,クリティカル(%)+8%,794343,攻撃力(%)+16%,命中(%)+9%,クリティカル(%)+9%,953210,攻撃力(%)+18%,命中(%)+10%,クリティカル(%)+10%,2026/06/09 9:42:24
121,アヴァリの扇子,,,未設定,未設定,未設定,529560,攻撃力(%)+15%,物理クリダメ緩和(%)+29%,クリティカル(%)+8%,794343,攻撃力(%)+16%,物理クリダメ緩和(%)+32%,クリティカル(%)+9%,953210,攻撃力(%)+18%,物理クリダメ緩和(%)+35%,クリティカル(%)+10%,2026/06/09 9:42:37
120,雪鱗の露珠,,,未設定,未設定,未設定,529560,攻撃力(%)+15%,HP(%)+18%,弱体効果命中(%)+8%,794343,攻撃力(%)+16%,HP(%)+20%,弱体効果命中(%)+9%,953210,攻撃力(%)+18%,HP(%)+22%,弱体効果命中(%)+10%,2026/06/09 9:42:49
119,妖精さんの小部屋,,,未設定,未設定,未設定,529560,攻撃力(%)+15%,クリティカル耐性(%)+8%,クリティカル(%)+8%,794343,攻撃力(%)+16%,クリティカル耐性(%)+9%,クリティカル(%)+9%,953210,攻撃力(%)+18%,クリティカル耐性(%)+10%,クリティカル(%)+10%,2026/06/09 9:43:04
118,エヴァ―・アワーズ,,,未設定,未設定,未設定,529560,攻撃力(%)+15%,弱体効果命中(%)+8%,防御力(%)+4%,794343,攻撃力(%)+16%,弱体効果命中(%)+9%,防御力(%)+4.5%,953210,攻撃力(%)+18%,弱体効果命中(%)+10%,防御力(%)+5%,2026/06/09 9:43:19
117,モチモチ,,,未設定,未設定,未設定,529560,技力(%)+7%,攻撃力(%)+15%,物魔防御貫通+6000,794343,技力(%)+7.5%,攻撃力(%)+16%,物魔防御貫通+6500,953210,技力(%)+8%,攻撃力(%)+18%,物魔防御貫通+7000,2026/06/09 9:50:42
112,泡雪のミトン,,,未設定,未設定,未設定,529560,腕力(%)+7%,攻撃力(%)+15%,HPドレイン(%)+13%,794343,腕力(%)+7.5%,攻撃力(%)+16%,HPドレイン(%)+14%,953210,腕力(%)+8%,攻撃力(%)+18%,HPドレイン(%)+15%,2026/06/05 11:36:42
110,アレヴ・ミラス,,,未設定,未設定,未設定,529560,攻撃力(%)+15%,防御力(%)+4%,クリティカル耐性(%)+8%,794343,攻撃力(%)+16%,防御力(%)+4.5%,クリティカル耐性(%)+9%,953210,攻撃力(%)+18%,防御力(%)+5%,クリティカル耐性(%)+10%,2026/06/05 11:49:51
108,シヤフ・ディシ,,,未設定,未設定,未設定,529560,攻撃力(%)+15%,HP(%)+18%,弱体効果命中(%)+8%,794343,攻撃力(%)+16%,HP(%)+20%,弱体効果命中(%)+9%,953210,攻撃力(%)+18%,HP(%)+22%,弱体効果命中(%)+10%,2026/07/13 9:45:45
101,希望の翼,,,未設定,未設定,未設定,529560,攻撃力(%)+15%,HP(%)+18%,防御貫通+6000,794343,攻撃力(%)+16%,HP(%)+20%,防御貫通+6500,953210,攻撃力(%)+18%,HP(%)+22%,防御貫通+7000,2026/06/09 9:52:37
99,勇気の魔法,,,未設定,未設定,未設定,529560,攻撃力(%)+15%,弱体効果耐性(%)+8%,クリティカル(%)+8%,794343,攻撃力(%)+16%,弱体効果耐性(%)+9%,クリティカル(%)+9%,953210,攻撃力(%)+18%,弱体効果耐性(%)+10%,クリティカル(%)+10%,2026/06/09 9:53:00
97,インジェミスコ,,,未設定,未設定,未設定,529560,攻撃力(%)+15%,防御力(%)+4%,物理クリダメ緩和(%)+29%,794343,攻撃力(%)+16%,防御力(%)+4.5%,物理クリダメ緩和(%)+32%,953210,攻撃力(%)+18%,防御力(%)+5%,物理クリダメ緩和(%)+35%,2026/06/09 9:53:23
88,クラースの大輪,,,未設定,未設定,未設定,529560,腕力(%)+7%,攻撃力(%)+15%,防御貫通+6000,794343,腕力(%)+7.5%,攻撃力(%)+16%,防御貫通+6500,953210,腕力(%)+8%,攻撃力(%)+18%,防御貫通+7000,2026/06/09 9:54:03
53,ソールブリンガー,,,未設定,未設定,未設定,529560,耐久力(%)+7%,攻撃力(%)+15%,防御力(%)+4%,794343,耐久力(%)+7.5%,攻撃力(%)+16%,防御力(%)+4.5%,953210,耐久力(%)+8%,攻撃力(%)+18%,防御力(%)+5%,2026/06/07 15:23:35
50,シリアルナイフ,,,未設定,未設定,未設定,529560,技力(%)+7%,攻撃力(%)+15%,クリティカル(%)+8%,794343,技力(%)+7.5%,攻撃力(%)+16%,クリティカル(%)+9%,953210,技力(%)+8%,攻撃力(%)+18%,クリティカル(%)+10%,2026/06/07 16:01:11
49,おさかなさん,,,未設定,未設定,未設定,529560,攻撃力(%)+15%,弱体効果命中(%)+8%,クリティカル耐性(%)+8%,794343,攻撃力(%)+16%,弱体効果命中(%)+9%,クリティカル耐性(%)+9%,953210,攻撃力(%)+18%,弱体効果命中(%)+10%,クリティカル耐性(%)+10%,2026/06/07 16:08:57
47,錆鉄の翼剣,,,未設定,未設定,未設定,529560,魔力(%)+7%,耐久力(%)+7%,クリダメ強化(%)+29%,794343,魔力(%)+7.5%,耐久力(%)+7.5%,クリダメ強化(%)+32%,953210,魔力(%)+8%,耐久力(%)+8%,クリダメ強化(%)+35%,2026/06/09 10:00:39
46,紅潔の細剣,,,未設定,未設定,未設定,529560,耐久力(%)+7%,攻撃力(%)+15%,クリティカル(%)+8%,794343,耐久力(%)+7.5%,攻撃力(%)+16%,クリティカル(%)+9%,953210,耐久力(%)+8%,攻撃力(%)+18%,クリティカル(%)+10%,2026/06/09 10:00:08
45,トールハンマー,,,未設定,未設定,未設定,529560,耐久力(%)+7%,攻撃力(%)+15%,命中(%)+8%,794343,耐久力(%)+7.5%,攻撃力(%)+16%,命中(%)+9%,953210,耐久力(%)+8%,攻撃力(%)+18%,命中(%)+10%,2026/06/07 15:31:50
114,知賢の標,,,未設定,未設定,未設定,529560,攻撃力(%)+15%,命中(%)+8%,物理クリダメ緩和(%)+29%,794343,攻撃力(%)+16%,命中(%)+9%,物理クリダメ緩和(%)+32%,953210,攻撃力(%)+18%,命中(%)+10%,物理クリダメ緩和(%)+35%,2026/06/09 10:15:26
113,魔法のキャンディ,,,未設定,未設定,未設定,529560,攻撃力(%)+15%,防御貫通+6000,HPドレイン(%)+13%,794343,攻撃力(%)+16%,防御貫通+6500,HPドレイン(%)+14%,953210,攻撃力(%)+18%,防御貫通+7000,HPドレイン(%)+15%,2026/06/09 10:38:58
111,タイニーハンマー,,,未設定,未設定,未設定,529560,攻撃力(%)+15%,弱体効果命中(%)+8%,命中(%)+8%,794343,攻撃力(%)+16%,弱体効果命中(%)+9%,命中(%)+9%,953210,攻撃力(%)+18%,弱体効果命中(%)+10%,命中(%)+10%,2026/06/09 10:52:07
109,イアルトーグの髪飾り,,,未設定,未設定,未設定,529560,耐久力(%)+7%,攻撃力(%)+15%,魔法クリダメ緩和(%)+29%,794343,耐久力(%)+7.5%,攻撃力(%)+16%,魔法クリダメ緩和(%)+32%,953210,耐久力(%)+8%,攻撃力(%)+18%,魔法クリダメ緩和(%)+35%,2026/06/11 17:12:55
100,至上の女神,,,未設定,未設定,未設定,529560,魔力(%)+7%,攻撃力(%)+15%,弱体効果命中(%)+8%,794343,魔力(%)+7.5%,攻撃力(%)+16%,弱体効果命中(%)+9%,953210,魔力(%)+8%,攻撃力(%)+18%,弱体効果命中(%)+10%,2026/06/11 17:21:35
98,リベーレ・ランセ,,,未設定,未設定,未設定,529560,攻撃力(%)+15%,HP(%)+18%,クリティカル(%)+8%,794343,攻撃力(%)+16%,HP(%)+20%,クリティカル(%)+9%,953210,攻撃力(%)+18%,HP(%)+22%,クリティカル(%)+10%,2026/06/11 17:29:45
95,ラクリモーサ,,,未設定,未設定,未設定,529560,攻撃力(%)+15%,弱体効果耐性(%)+8%,物理クリダメ緩和(%)+29%,794343,攻撃力(%)+16%,弱体効果耐性(%)+9%,物理クリダメ緩和(%)+32%,953210,攻撃力(%)+18%,弱体効果耐性(%)+10%,物理クリダメ緩和(%)+35%,2026/06/11 17:37:45
93,カルーセルケイン,,,未設定,未設定,未設定,529560,技力(%)+7%,攻撃力(%)+15%,HPドレイン(%)+13%,794343,技力(%)+7.5%,攻撃力(%)+16%,HPドレイン(%)+14%,953210,技力(%)+8%,攻撃力(%)+18%,HPドレイン(%)+15%,2026/06/12 10:15:40
84,ヴィヴェンテ,,,未設定,未設定,未設定,529560,攻撃力(%)+15%,弱体効果命中(%)+8%,HP(%)+18%,794343,攻撃力(%)+16%,弱体効果命中(%)+9%,HP(%)+20%,953210,攻撃力(%)+18%,弱体効果命中(%)+10%,HP(%)+22%,2026/06/12 10:28:32
81,月詠絵巻,,,未設定,未設定,未設定,529560,魔力(%)+7%,攻撃力(%)+15%,命中(%)+8%,794343,魔力(%)+7.5%,攻撃力(%)+16%,命中(%)+9%,953210,魔力(%)+8%,攻撃力(%)+18%,命中(%)+10%,2026/06/12 10:58:45
80,不倶戴天,,,未設定,未設定,未設定,529560,攻撃力(%)+15%,防御力(%)+4%,クリティカル耐性(%)+8%,794343,攻撃力(%)+16%,防御力(%)+4.5%,クリティカル耐性(%)+9%,953210,攻撃力(%)+18%,防御力(%)+5%,クリティカル耐性(%)+10%,2026/06/12 11:14:50
79,聖槍の守護盾,,,未設定,未設定,未設定,529560,攻撃力(%)+15%,HP(%)+18%,弱体効果命中(%)+8%,794343,攻撃力(%)+16%,HP(%)+20%,弱体効果命中(%)+9%,953210,攻撃力(%)+18%,HP(%)+22%,弱体効果命中(%)+10%,2026/06/12 11:26:40
75,M28魔力式狙撃銃,,,未設定,未設定,未設定,529560,技力(%)+7%,攻撃力(%)+15%,弱体効果命中(%)+8%,794343,技力(%)+7.5%,攻撃力(%)+16%,弱体効果命中(%)+9%,953210,技力(%)+8%,攻撃力(%)+18%,弱体効果命中(%)+10%,2026/06/12 11:37:19
74,ピースメーカー,,,未設定,未設定,未設定,529560,技力(%)+7%,攻撃力(%)+15%,クリティカル(%)+8%,794343,技力(%)+7.5%,攻撃力(%)+16%,クリティカル(%)+9%,953210,技力(%)+8%,攻撃力(%)+18%,クリティカル(%)+10%,2026/06/12 11:54:38
58,愚鈍の鉄塊,,,未設定,未設定,未設定,529560,耐久力(%)+7%,攻撃力(%)+15%,防御力(%)+4%,794343,耐久力(%)+7.5%,攻撃力(%)+16%,防御力(%)+4.5%,953210,耐久力(%)+8%,攻撃力(%)+18%,防御力(%)+5%,2026/06/12 12:04:39
128,慈愛のチャリス,,,未設定,未設定,未設定,529560,攻撃力(%)+15%,クリティカル(%)+8%,弱体効果命中(%)+8%,794343,攻撃力(%)+16%,クリティカル(%)+9%,弱体効果命中(%)+9%,953210,攻撃力(%)+18%,クリティカル(%)+10%,弱体効果命中(%)+10%,2026/06/15 19:08:57
54,ウルカヌス・サークル,,,未設定,未設定,未設定,529560,魔力(%)+7%,攻撃力(%)+15%,命中(%)+8%,794343,魔力(%)+7.5%,攻撃力(%)+16%,命中(%)+9%,953210,魔力(%)+8%,攻撃力(%)+18%,命中(%)+10%,2026/06/21 15:25:39
78,隠密流星,,,未設定,未設定,未設定,529560,攻撃力(%)+15%,クリティカル耐性(%)+8%,弱体効果耐性(%)+8%,794343,攻撃力(%)+16%,クリティカル耐性(%)+9%,弱体効果耐性(%)+9%,953210,攻撃力(%)+18%,クリティカル耐性(%)+10%,弱体効果耐性(%)+10%,2026/06/21 15:39:31
63,ロンギヌスの槍,,,未設定,未設定,未設定,529560,未設定,未設定,未設定,794343,未設定,未設定,未設定,953210,攻撃力(%)+18%,クリティカル(%)+10%,物魔防御貫通+7000,2026/06/21 15:52:53
60,M1805魔力式拳銃,,,未設定,未設定,未設定,529560,技力(%)+7%,攻撃力(%)+15%,クリダメ強化(%)+29%,794343,技力(%)+7.5%,攻撃力(%)+16%,クリダメ強化(%)+32%,953210,技力(%)+8%,攻撃力(%)+18%,クリダメ強化(%)+35%,2026/06/21 16:05:28
65,M260携行型砲撃銃,,,未設定,未設定,未設定,529560,耐久力(%)+7%,攻撃力(%)+15%,命中(%)+8%,794343,耐久力(%)+7.5%,攻撃力(%)+16%,命中(%)+9%,953210,耐久力(%)+8%,攻撃力(%)+16%,命中(%)+10%,2026/06/21 16:16:20
70,双竜の宝剣,,,未設定,未設定,未設定,529560,攻撃力(%)+15%,HP(%)+18%,防御力(%)+4%,794343,攻撃力(%)+16%,HP(%)+20%,防御力(%)+4.5%,953210,攻撃力(%)+18%,HP(%)+22%,防御力(%)+5%,2026/06/21 16:27:29
102,解放の光剣,,,未設定,未設定,未設定,529560,攻撃力(%)+15%,クリティカル(%)+8%,HP(%)+18%,794343,攻撃力(%)+16%,クリティカル(%)+9%,HP(%)+20%,953210,攻撃力(%)+18%,クリティカル(%)+10%,HP(%)+22%,2026/06/21 16:37:11
76,アインジールの魔導書,,,未設定,未設定,未設定,529560,魔力(%)+7%,攻撃力(%)+15%,命中(%)+8%,794343,魔力(%)+7.5%,攻撃力(%)+16%,命中(%)+9%,953210,魔力(%)+8%,攻撃力(%)+18%,命中(%)+10%,2026/06/22 13:09:29
104,ディライトライフル,,,未設定,未設定,未設定,529560,攻撃力(%)+15%,弱体効果命中(%)+8%,クリティカル(%)+8%,794343,攻撃力(%)+16%,弱体効果命中(%)+9%,クリティカル(%)+9%,953210,攻撃力(%)+18%,弱体効果命中(%)+10%,クリティカル(%)+10%,2026/06/22 13:19:19
129,ケノタフォン,,,未設定,未設定,未設定,529560,耐久力(%)+7%,攻撃力(%)+15%,魔法クリダメ緩和(%)+29%,794343,耐久力(%)+7.5%,攻撃力(%)+16%,魔法クリダメ緩和(%)+32%,953210,耐久力(%)+8%,攻撃力(%)+18%,魔法クリダメ緩和(%)+35%,2026/07/01 10:54:43
107,グレイテストショー,,,未設定,未設定,未設定,529560,腕力(%)+7%,攻撃力(%)+15%,クリティカル(%)+8%,794343,腕力(%)+7.5%,攻撃力(%)+16%,クリティカル(%)+9%,953210,腕力(%)+8%,攻撃力(%)+18%,クリティカル(%)+10%,2026/07/01 9:56:14
115,賢者の書,,,未設定,未設定,未設定,529560,攻撃力(%)+15%,命中(%)+8%,クリティカル耐性(%)+8%,794343,攻撃力(%)+16%,命中(%)+9%,クリティカル耐性(%)+9%,953210,攻撃力(%)+18%,命中(%)+10%,クリティカル耐性(%)+10%,2026/07/01 10:06:03
103,ニュイ・レミージュ,,,未設定,未設定,未設定,529560,攻撃力(%)+15%,弱体効果耐性(%)+8%,弱体効果命中(%)+8%,794343,攻撃力(%)+16%,弱体効果耐性(%)+9%,弱体効果命中(%)+9%,953210,攻撃力(%)+18%,弱体効果耐性(%)+10%,弱体効果命中(%)+10%,2026/07/25 9:15:16
87,狐炎呪符,,,未設定,未設定,未設定,529560,攻撃力(%)+15%,クリティカル耐性(%)+8%,魔法クリダメ緩和(%)+29%,794343,攻撃力(%)+16%,クリティカル耐性(%)+9%,魔法クリダメ緩和(%)+32%,953210,攻撃力(%)+18%,クリティカル耐性(%)+10%,魔法クリダメ緩和(%)+35%,2026/07/01 10:25:54
94,聖剣カラドヴルフ,,,未設定,未設定,未設定,529560,攻撃力(%)+15%,クリティカル(%)+8%,命中(%)+8%,794343,攻撃力(%)+16%,クリティカル(%)+9%,命中(%)+9%,953210,攻撃力(%)+18%,クリティカル(%)+10%,命中(%)+10%,2026/07/01 10:40:01
72,レギス・アルブル,,,未設定,未設定,未設定,529560,魔力(%)+7%,HP(%)+18%,命中(%)+8%,794343,魔力(%)+7.5%,HP(%)+20%,命中(%)+9%,953210,魔力(%)+8%,HP(%)+22%,命中(%)+10%,2026/07/03 9:50:59
82,まよいごりんご,,,未設定,未設定,未設定,529560,攻撃力(%)+15%,防御力(%)+4%,クリティカル(%)+8%,794343,攻撃力(%)+16%,防御力(%)+4.5%,クリティカル(%)+9%,953210,攻撃力(%)+18%,防御力(%)+5%,クリティカル(%)+10%,2026/07/05 13:09:14
86,叡知の石板,,,未設定,未設定,未設定,529560,攻撃力(%)+15%,防御力(%)+4%,物理クリダメ緩和(%)+29%,794343,攻撃力(%)+16%,防御力(%)+4.5%,物理クリダメ緩和(%)+32%,953210,攻撃力(%)+18%,防御力(%)+5%,物理クリダメ緩和(%)+35%,2026/07/15 9:44:49
59,グラッドサマー,,,未設定,未設定,未設定,529560,攻撃力(%)+15%,命中(%)+8%,防御力(%)+4%,794343,攻撃力(%)+16%,命中(%)+9%,防御力(%)+4.5%,953210,攻撃力(%)+18%,命中(%)+10%,防御力(%)+5%,2026/07/15 9:54:06
57,トロピカルフロート,,,未設定,未設定,未設定,529560,魔力(%)+7%,攻撃力(%)+15%,弱体効果命中(%)+8%,794343,魔力(%)+7.5%,攻撃力(%)+16%,弱体効果命中(%)+9%,953210,魔力(%)+8%,攻撃力(%)+18%,弱体効果命中(%)+10%,2026/07/15 10:04:21
56,リヴァージュ,,,未設定,未設定,未設定,529560,腕力(%)+7%,攻撃力(%)+15%,クリティカル(%)+8%,794343,腕力(%)+7.5%,攻撃力(%)+16%,クリティカル(%)+9%,953210,腕力(%)+8%,攻撃力(%)+18%,クリティカル(%)+10%,2026/07/15 10:14:25
83,夏の日の夢,,,未設定,未設定,未設定,529560,腕力(%)+7%,攻撃力(%)+15%,命中(%)+8%,794343,腕力(%)+7.5%,攻撃力(%)+16%,命中(%)+9%,953210,腕力(%)+8%,攻撃力(%)+18%,命中(%)+10%,2026/07/15 10:29:36
130,サマープチマヴェーラ,,,未設定,未設定,未設定,529560,攻撃力(%)+15%,クリティカル(%)+8%,防御力(%)+4%,794343,攻撃力(%)+16%,クリティカル(%)+9%,防御力(%)+4.5%,953210,攻撃力(%)+18%,クリティカル(%)+10%,防御力(%)+5%,2026/07/21 12:56:04
106,嘆きの泡,,,未設定,未設定,未設定,529560,耐久力(%)+7%,攻撃力(%)+15%,物理クリダメ緩和(%)+29%,794343,耐久力(%)+7.5%,攻撃力(%)+16%,物理クリダメ緩和(%)+32%,953210,耐久力(%)+8%,攻撃力(%)+18%,物理クリダメ緩和(%)+35%,2026/07/21 13:03:32
131,アン,,,未設定,未設定,未設定,529560,耐久力(%)+7%,攻撃力(%)+15%,防御力(%)+4%,794343,耐久力(%)+7.5%,攻撃力(%)+16%,防御力(%)+4.5%,953210,耐久力(%)+8%,攻撃力(%)+18%,防御力(%)+5%,2026/07/28 20:21:02
90,旅のお供,,,未設定,未設定,未設定,953210,攻撃力(%)+15%,弱体効果命中(%)+8%,物理クリダメ緩和(%)+29%,794343,攻撃力(%)+16%,弱体効果命中(%)+9%,物理クリダメ緩和(%)+32%,953210,攻撃力(%)+18%,弱体効果命中(%)+10%,物理クリダメ緩和(%)+35%,2026/08/05 13:11:56
89,祝福の花束,,,未設定,未設定,未設定,529560,攻撃力(%)+15%,物魔防御貫通+6000,防御貫通+6000,794343,攻撃力(%)+16%,物魔防御貫通+6500,防御貫通+6500,953210,攻撃力(%)+18%,物魔防御貫通+7000,防御貫通+7000,2026/08/05 13:22:45
132,トワイナイト,,,未設定,未設定,未設定,529560,腕力(%)+7%,攻撃力(%)+15%,クリティカル(%)+8%,794343,腕力(%)+7.5%,攻撃力(%)+16%,クリティカル(%)+9%,953210,腕力(%)+8%,攻撃力(%)+18%,クリティカル(%)+10%,2026/08/14 9:43:31
133,ホーリーナイト,,,未設定,未設定,未設定,529560,攻撃力(%)+15%,HP(%)+18%,HPドレイン(%)+13%,794343,攻撃力(%)+16%,HP(%)+20%,HPドレイン(%)+14%,953210,攻撃力(%)+18%,HP(%)+22%,HPドレイン(%)+15%,2026/09/01 14:26:32